date,carbune,consum,hidro,hidrocarburi,nuclear,eolian,productie,fotovolt,biomasa,stocare,sold
2025-08-31 16:55:27,582,5030,729,483,1348,526,4191,369,46,107,838
2025-08-31 07:25:32,612,4714,943,478,1348,242,3816,48,45,96,898
2025-08-30 21:56:13,606,6359,1873,512,1344,650,5102,-2,47,71,1257
2025-08-30 12:25:36,606,4494,639,477,1345,41,4580,1422,47,0,-85
2025-08-30 02:25:29,607,5123,874,1307,1346,110,4289,-3,45,0,833
2025-08-29 16:56:31,778,5433,737,1088,1335,531,5776,1226,49,28,-343
2025-08-29 07:25:19,760,5888,1427,1338,1350,379,5520,112,48,103,367
2025-08-28 21:55:11,811,6869,1971,1279,1337,598,6060,-3,57,8,808
2025-08-28 12:25:31,792,4743,508,1100,1290,261,5797,1785,58,0,-1053
2025-08-28 02:55:22,803,5052,873,1314,1341,141,4523,-4,54,0,529
2025-08-27 17:25:07,749,5647,955,1210,1334,615,5849,927,56,0,-202
2025-08-27 07:55:29,774,5866,1498,1318,1344,44,5477,320,54,122,388
2025-08-26 22:25:36,757,6355,1784,1375,1330,778,6076,-3,53,0,279
2025-08-26 12:55:34,707,4658,448,995,1328,155,5433,1736,54,7,-775
2025-08-26 03:25:23,755,4962,724,1350,1344,213,4449,-4,53,0,512
2025-08-25 17:40:18,724,5786,810,1040,1333,397,5099,738,53,0,687
2025-08-25 08:08:07,613,5742,1378,1355,1338,220,5383,327,52,97,358
2025-08-24 22:38:39,511,5479,1424,996,1337,1367,5678,-4,45,0,-198
2025-08-24 12:59:37,571,3672,525,473,1335,595,4585,1037,39,1,-913
2025-08-24 03:30:33,608,4689,854,544,1333,261,3668,-4,38,31,1020
2025-08-23 18:00:13,608,5495,874,530,1325,447,4292,456,39,9,1203
2025-08-23 08:30:33,550,5305,804,494,1328,1508,4999,253,39,19,306
2025-08-22 23:00:35,702,5991,1146,1226,1323,1131,5570,-3,44,0,421
2025-08-22 13:29:34,780,5917,555,1048,1316,1047,5812,1036,23,1,105
2025-08-22 03:59:18,723,5000,784,1313,1333,1774,5948,-5,23,0,-947
2025-08-21 18:30:07,748,6738,1667,1301,1314,1480,6884,341,31,0,-145
2025-08-21 09:00:10,777,5896,1384,1265,1331,117,5701,746,29,49,194
2025-08-20 23:27:29,735,5965,1307,1327,1322,1131,5858,-3,29,7,107
2025-08-20 10:47:14,703,5120,869,1019,1327,40,5299,1315,23,0,-179
2025-08-20 01:08:14,748,5329,822,1312,1326,226,4458,-4,27,0,871
2025-08-19 15:38:06,839,5612,509,1077,1324,98,4827,944,19,12,785
2025-08-19 06:08:27,747,5317,850,1293,1328,827,5056,-4,12,0,260
2025-08-18 20:30:34,779,6921,1887,1287,1316,1066,6402,0,11,55,519
2025-08-18 10:59:24,827,5773,784,1086,1278,686,5614,939,11,0,159
2025-08-18 01:29:08,743,4855,896,1261,1325,437,4662,-4,7,1,193
2025-08-17 16:00:28,833,4688,541,1047,1323,224,4732,753,7,0,-43
2025-08-17 06:30:12,834,4664,840,1210,1323,14,4316,0,15,78,348
2025-08-16 20:56:08,872,6762,1583,1301,1323,436,5623,-2,25,82,1139
2025-08-16 11:28:33,752,4544,699,1176,1329,184,5414,1232,28,11,-869
2025-08-16 01:46:11,686,5018,808,1239,1328,294,4387,-4,25,7,630
2025-08-15 16:17:15,822,4855,620,1086,1323,783,5735,1065,26,6,-880
2025-08-15 06:47:29,748,4905,978,1309,1328,313,4816,16,34,87,89
2025-08-14 21:17:22,879,7456,2160,1374,1318,182,6033,-3,34,88,1423
2025-08-14 11:48:31,838,5208,862,1023,1271,256,5820,1527,32,7,-611
2025-08-14 01:25:07,778,5416,1064,1339,1326,102,4693,-6,27,61,723
2025-08-13 11:38:09,838,5165,766,934,1302,213,5545,1458,30,0,-380
2025-08-13 02:09:29,657,5212,1252,1311,1331,43,4631,-6,26,15,580
2025-08-12 16:29:22,713,5597,859,991,1303,246,5306,1160,30,0,291
2025-08-12 06:00:13,712,5316,1156,1333,1329,1273,5858,-5,19,38,-541
2025-08-11 20:30:29,755,7527,2122,1375,1268,620,6412,197,21,51,1114
2025-08-11 10:50:20,727,5672,1071,955,1248,439,5818,1344,21,9,-146
2025-08-11 01:08:33,747,5129,1107,1329,1279,618,5114,-6,21,15,14
2025-08-10 15:29:35,723,4657,785,652,1270,333,4583,796,21,0,73
2025-08-10 05:47:12,713,4847,1197,856,1270,346,4452,-7,20,54,395
2025-08-09 20:10:34,763,6887,2008,910,1276,396,5448,33,31,26,1439
2025-08-09 10:32:26,736,4757,943,705,1270,-19,4863,1193,31,3,-106
2025-08-09 00:59:37,675,5562,1560,856,1264,19,4404,-5,32,0,1157
2025-08-08 15:30:35,690,5299,897,691,1302,339,5041,1082,31,6,257
2025-08-07 15:59:18,720,5693,846,725,1242,1145,5713,956,41,35,-20
2025-08-07 05:30:21,741,5319,1271,880,1304,1911,6159,-5,43,12,-840
2025-08-06 19:26:20,832,7042,2076,542,1281,299,5278,177,40,29,1764
2025-08-06 09:17:05,807,5928,1274,471,1278,35,4649,734,42,5,1278
2025-08-05 23:30:40,738,6311,1655,1308,1312,177,5249,-6,61,1,1062
2025-08-05 13:41:41,733,5636,1030,1088,1304,379,5650,1045,57,12,-13
2025-08-05 03:48:17,753,5293,1159,1164,1313,420,4871,-6,56,10,422
2025-08-04 16:48:10,779,6273,1122,860,1270,375,5272,790,59,13,1000
2025-08-04 06:00:11,710,5034,1340,949,1330,193,4576,-4,52,3,457
2025-08-03 19:19:11,728,6147,1958,838,1332,342,5404,147,55,0,742
2025-08-03 08:30:11,499,4534,1222,545,1330,309,4487,525,48,4,46
2025-08-02 21:31:06,775,6726,1962,806,1323,181,5165,-3,58,60,1560
2025-08-02 11:32:10,720,4562,994,538,1281,178,5096,1302,53,26,-533
2025-08-02 00:57:57,836,5578,1513,1171,1323,24,4923,-5,59,0,655
2025-08-01 14:09:39,894,5174,1236,890,1325,73,5881,1410,49,0,-706
2025-08-01 04:10:27,971,5294,1332,1139,1323,190,5008,-6,56,0,286
2025-07-31 18:00:00,927,6462,1215,1175,1250,149,5247,444,57,26,1215
2025-07-31 07:30:06,889,6094,1388,1138,1326,260,5293,151,58,80,800
2025-07-30 21:48:20,1172,7158,1894,1230,1306,298,5990,-4,60,32,1168
2025-07-30 12:18:11,1064,5893,913,887,1296,786,5995,982,53,10,-102
2025-07-30 02:17:14,1169,5383,846,1161,1317,709,5245,-6,43,4,137
2025-07-29 14:09:58,1211,6731,820,1052,1279,150,5273,671,55,24,1458
2025-07-29 04:39:22,1211,5472,752,1124,1311,486,4956,-6,52,24,516
2025-07-28 19:09:32,1190,7731,1842,1073,1313,157,5861,225,59,0,1869
2025-07-28 09:38:16,988,6541,1318,1116,1300,146,5713,760,47,35,827
2025-07-28 00:09:03,923,5861,1450,1117,1319,529,5543,-6,45,164,317
2025-07-27 14:38:21,987,5335,530,614,1319,1012,5596,1082,48,0,-260
2025-07-27 05:11:22,915,5303,711,1087,1324,267,4395,-6,36,59,908
2025-07-26 19:38:34,959,7597,1629,1079,1316,1083,6257,92,58,36,1340
2025-07-26 10:09:06,992,5842,714,1028,1323,53,5291,1113,56,9,550
2025-07-26 00:38:38,875,6369,1469,1112,1311,949,5773,-4,60,0,595
2025-07-25 15:09:13,973,6912,747,979,1292,749,6165,1361,55,6,746
2025-07-25 05:38:52,926,5745,774,1112,1317,166,4348,-3,54,1,1396
2025-07-24 20:08:54,1079,7923,1945,1178,1308,549,6248,76,59,50,1675
2025-07-24 10:38:22,973,6265,922,1094,1306,161,5907,1360,52,36,357
2025-07-24 01:08:22,893,6023,1397,1170,1329,58,4923,-5,58,20,1099
2025-07-23 15:38:19,934,6279,786,870,1314,345,5771,1440,58,20,508
2025-07-23 06:08:26,895,5830,1397,1114,1329,418,5235,1,58,20,594
2025-07-22 20:39:02,926,7573,2024,1065,1326,400,5904,27,59,74,1668
2025-07-22 09:48:36,966,6552,1049,1052,1314,73,5520,984,59,20,1031
2025-07-22 00:08:06,881,6347,1415,1153,1326,1088,5943,-5,58,25,403
2025-07-21 14:17:16,735,6083,812,1029,1288,121,5623,1552,58,24,460
2025-07-21 04:09:13,695,5021,1079,1127,1329,423,4707,-6,55,3,313
2025-07-20 18:30:11,718,5419,1114,478,1329,213,4355,446,54,0,1064
2025-07-20 08:39:18,711,4441,899,317,1320,-6,3844,553,47,0,596
2025-07-19 22:30:32,723,6365,1599,394,1330,544,4650,-5,57,5,1714
2025-07-19 12:39:38,740,4720,650,307,1321,151,4476,1244,57,2,244
2025-07-19 03:00:22,733,5269,1322,757,1330,122,4307,-5,46,0,962
2025-07-18 17:08:27,830,5905,768,583,1320,971,5424,884,48,8,481
2025-07-18 07:26:30,888,5976,1277,651,1322,1660,6115,195,48,71,-139
2025-07-17 21:39:33,960,7237,1825,768,1312,952,5960,-4,51,96,1276
2025-07-17 12:08:35,821,6120,628,586,1267,64,4486,1069,49,0,1633
2025-07-17 02:38:34,928,5499,889,782,1320,67,4038,-5,55,0,1460
2025-07-16 16:22:29,820,6801,837,950,1288,448,5186,796,51,0,1614
2025-07-16 06:48:04,962,6011,871,1092,1325,165,4575,71,54,31,1435
2025-07-15 21:09:39,983,7555,2079,1291,1316,186,6004,0,60,86,1551
2025-07-15 11:38:37,880,6238,791,1105,1273,372,5766,1288,53,0,472
2025-07-15 02:08:51,883,5638,854,1272,1312,49,4417,-4,45,4,1220
2025-07-14 16:39:30,842,6524,866,1207,1257,307,5572,1030,46,16,951
2025-07-14 07:08:17,757,5912,1619,1289,1335,55,5345,160,46,80,566
2025-07-13 21:38:24,721,6540,1777,1214,1332,192,5335,-4,44,57,1205
2025-07-13 12:08:29,792,4062,448,672,1328,39,4633,1302,50,0,-570
2025-07-13 02:38:21,786,5065,725,839,1334,313,4053,-5,47,11,1011
2025-07-12 17:09:18,840,5321,428,772,1329,200,4456,836,47,1,865
2025-07-12 07:40:30,872,5299,874,844,1336,257,4523,208,48,80,776
2025-07-11 22:17:13,752,6795,1854,1288,1324,282,5611,-4,51,62,1183
2025-07-11 12:47:13,852,5798,838,1074,1264,45,5367,1236,50,4,431
2025-07-11 03:17:03,711,5334,734,1256,1328,931,5008,-4,49,0,326
2025-07-10 17:46:59,740,6329,906,1196,1280,721,5501,591,50,12,827
2025-07-10 08:17:01,704,6297,1000,1129,1320,1255,5973,461,60,41,324
2025-07-09 22:47:26,688,6638,1473,1162,1316,2067,6772,-5,61,7,-133
2025-07-09 13:25:33,856,7226,881,1080,1312,860,6048,902,55,98,1177
2025-07-09 03:56:00,811,5771,769,1283,1326,845,5176,-4,57,86,594
2025-07-08 18:25:24,637,7696,2024,1259,1305,1414,7167,418,60,45,528
2025-07-08 08:56:27,606,6577,1625,1235,1329,441,6270,903,58,69,306
2025-07-07 23:25:20,646,6769,1553,1281,1329,1537,6393,-5,50,0,376
2025-07-07 13:55:21,639,6726,708,1166,1292,1518,6939,1559,53,0,-212
2025-07-07 04:25:14,586,5193,673,1068,1324,951,4653,-6,50,4,540
2025-07-06 18:54:01,658,6344,821,553,1320,1348,5323,396,48,176,1020
2025-07-06 09:30:05,748,4712,690,292,1322,334,4451,914,49,97,260
2025-07-05 23:59:54,838,6132,1534,701,1325,311,4772,-6,47,19,1359
2025-07-05 14:24:54,967,5157,400,629,1320,313,4933,1254,47,0,224
2025-07-05 04:56:16,880,5630,703,1075,1326,509,4539,-6,49,0,1091
2025-07-04 19:25:50,1105,7800,2048,1154,1310,428,6415,288,54,42,1384
2025-07-04 09:47:03,1056,6253,906,1133,1306,8,5709,1243,51,4,543
2025-07-04 00:16:56,1045,6341,1473,1235,1324,342,5474,-6,53,6,866
2025-07-03 14:47:06,1038,5847,605,849,1299,173,5743,1724,53,0,103
2025-07-03 05:17:22,1009,5543,736,1193,1338,732,5056,-6,51,0,486
2025-07-02 19:47:17,1090,7359,1814,1202,1336,687,6429,202,55,41,929
2025-07-02 10:17:02,1037,5578,869,874,1189,506,6112,1470,47,117,-534
2025-07-02 00:38:17,1085,5875,1537,1103,1334,668,5777,-6,53,0,98
2025-07-01 15:07:55,736,5453,513,752,1279,807,5690,1550,51,0,-236
2025-07-01 05:38:13,965,5344,784,1123,1340,826,5084,-3,46,0,260
2025-06-30 20:08:27,1086,7533,2171,1134,1314,421,6342,120,53,40,1191
2025-06-30 10:25:27,833,6228,1286,750,1290,948,6336,1166,43,16,-108
2025-06-30 00:55:15,858,5394,1144,953,1322,459,4796,-6,46,18,598
2025-06-29 15:25:36,684,4521,470,265,1329,1537,5059,729,41,0,-537
2025-06-29 05:56:22,768,4735,803,332,1332,1796,5112,6,35,34,-376
2025-06-28 20:24:53,858,6543,1940,416,1308,1271,5969,62,33,65,573
2025-06-28 10:55:22,782,5580,684,271,1311,779,4748,884,34,0,831
2025-06-28 01:26:03,916,5881,1098,1168,1165,281,4678,-4,36,15,1203
2025-06-27 15:55:35,684,6789,1030,807,982,1082,5888,1264,37,0,901
2025-06-27 06:25:10,873,5909,1423,1102,644,306,4461,69,39,2,1447
2025-06-26 20:55:54,934,8012,3149,1176,631,541,6493,10,28,20,1518
2025-06-26 11:23:59,861,6202,1302,990,610,246,5730,1677,37,3,471
2025-06-26 01:47:08,883,5729,1604,1209,642,872,5271,-4,46,18,457
2025-06-25 16:17:15,787,6390,1335,788,904,396,5754,1495,47,0,635
2025-06-25 03:01:39,838,5491,1601,1182,651,799,5119,-5,51,0,371
2025-06-24 14:09:09,836,5651,589,763,652,701,5241,1646,51,0,409
2025-06-24 01:59:55,853,5595,1224,1165,652,429,4373,-5,49,0,1222
2025-06-23 13:40:17,551,5307,1037,774,637,664,5516,1796,47,7,-208
2025-06-23 02:25:14,629,4898,1001,1206,645,617,4136,-5,40,0,761
2025-06-22 16:47:10,604,4383,728,324,607,296,3454,783,42,66,929
2025-06-22 07:17:01,640,4580,1107,376,656,20,3064,214,44,3,1515
2025-06-21 21:46:41,611,6570,1863,432,656,144,3806,-5,44,59,2763
2025-06-21 12:16:38,592,4498,816,334,656,985,4535,1107,41,0,-36
2025-06-21 02:46:23,867,5235,1585,1232,655,676,5066,-5,47,5,168
2025-06-20 17:16:09,834,5756,1382,794,652,311,5138,1112,50,0,618
2025-06-20 07:47:09,874,6257,1796,1218,656,2043,7063,354,51,68,-805
2025-06-19 22:17:07,1021,7321,2202,1217,647,314,5571,-3,52,118,1749
2025-06-19 12:08:44,915,5643,949,789,640,196,5293,1729,51,7,349
2025-06-19 02:39:02,949,5612,1183,1208,652,142,4188,-3,54,1,1423
2025-06-18 17:07:56,884,5991,1321,782,644,220,5087,1181,51,0,903
2025-06-18 07:39:01,1008,6194,1905,1243,659,234,5548,333,53,108,646
2025-06-17 22:07:59,1023,7143,2055,1167,653,470,5617,-4,57,194,1525
2025-06-17 12:25:45,821,5195,953,784,657,437,5361,1641,53,12,-166
2025-06-17 02:56:05,921,5327,1617,943,656,167,4358,-4,53,4,968
2025-06-16 17:25:14,776,5811,1501,791,591,419,5309,1173,55,0,502
2025-06-16 07:46:49,602,5615,1805,1195,660,465,5339,424,58,128,275
2025-06-15 22:18:20,639,5892,1765,1241,660,527,4895,-3,46,18,996
2025-06-15 12:47:16,533,3638,1194,333,660,737,4643,1095,47,40,-1005
2025-06-15 03:16:54,589,4703,1288,398,660,1144,4128,-4,49,0,574
2025-06-14 17:47:27,860,5352,1492,351,657,1067,5093,577,52,34,258
2025-06-14 08:16:56,873,4981,1476,358,659,562,4539,535,51,21,441
2025-06-13 17:17:36,775,5641,1576,369,649,420,4896,1051,53,1,745
2025-06-13 07:47:07,811,5978,1862,1244,653,177,5326,412,58,106,652
2025-06-12 22:17:16,921,6908,2092,1267,654,195,5239,-3,57,54,1669
2025-06-12 12:49:10,766,4988,1265,863,612,211,5506,1728,57,0,-517
2025-06-12 02:25:04,826,5320,1741,1281,659,525,5083,-5,54,0,236
2025-06-11 16:55:05,724,5792,1585,830,614,475,5420,1116,43,30,372
2025-06-11 07:27:07,870,6019,1881,1270,656,49,5123,268,45,80,896
2025-06-10 21:56:44,892,7036,2305,1320,639,66,5301,-3,43,36,1734
2025-06-10 12:25:15,591,5406,1375,342,663,812,5248,1386,46,30,158
2025-06-10 02:47:53,600,4531,1473,421,660,1415,4635,-4,37,30,-104
2025-06-09 17:16:42,599,5067,1435,343,659,499,4129,553,38,0,938
2025-06-09 06:26:18,626,4553,1563,410,659,143,3556,32,39,80,997
2025-06-08 20:55:59,577,5774,2615,431,659,889,5259,5,43,38,514
2025-06-08 11:25:57,534,3761,1311,334,663,297,4173,988,43,0,-411
2025-06-08 01:55:14,588,4909,1844,419,661,717,4273,-4,42,3,636
2025-06-07 16:25:07,668,5086,1709,349,662,440,4847,976,40,0,239
2025-06-07 06:54:52,776,4925,1993,1164,662,362,5161,95,47,59,-235
2025-06-06 21:24:52,755,7179,2781,1170,654,1100,6557,-3,48,47,622
2025-06-06 11:55:42,807,5499,1895,784,617,333,6173,1685,47,3,-674
2025-06-06 02:25:29,851,5309,2068,1218,663,843,5689,-4,48,0,-379
2025-06-05 16:55:15,821,6113,2200,966,619,789,6620,1172,44,6,-506
2025-06-05 07:25:56,846,5798,2428,1209,665,197,5797,324,49,77,0
2025-06-04 21:55:37,869,7062,2674,1291,650,140,5759,-3,55,95,1302
2025-06-04 12:26:13,762,5041,2001,919,631,47,6108,1695,51,0,-1067
2025-06-04 02:55:17,769,5047,1967,1205,665,420,5075,-4,51,0,-28
2025-06-03 17:25:14,812,5709,2078,382,666,589,5619,1040,45,4,90
2025-06-03 07:55:34,845,5672,2467,414,665,54,5036,502,37,48,635
2025-06-02 22:25:14,879,6643,2553,482,662,514,5147,-2,34,24,1495
2025-06-02 12:55:35,563,4831,1888,341,633,4,5257,1787,36,1,-425
2025-06-02 03:25:31,556,4410,1845,418,666,170,3688,-4,33,2,721
2025-06-01 17:55:55,606,4570,1723,380,665,56,4016,472,30,80,554
2025-06-01 08:26:48,504,3957,1951,331,666,146,4178,544,32,0,-220
2025-05-31 22:55:06,609,5798,2576,491,663,234,4613,-4,33,9,1184
2025-05-31 11:07:51,577,4289,1535,340,664,1002,5052,897,35,0,-763
2025-05-31 01:39:44,619,5172,2147,416,666,1033,4912,-4,34,0,260
2025-05-30 16:08:11,819,5252,1917,349,663,915,5662,957,35,3,-409
2025-05-30 05:55:50,707,5051,1770,404,667,1248,4835,-1,35,3,216
2025-05-29 20:25:34,858,6641,2617,420,656,162,4834,33,36,48,1806
2025-05-29 10:55:33,779,5492,2252,357,650,92,5027,859,32,2,465
2025-05-29 01:25:02,847,5181,1911,1227,667,520,5208,-4,34,2,-26
2025-05-28 15:55:29,738,5774,1918,1080,660,1067,6333,813,33,21,-559
2025-05-28 06:08:19,756,5424,1942,1162,670,1144,5712,4,32,0,-288
2025-05-27 20:38:03,721,6845,2370,1212,670,1308,6383,17,32,50,461
2025-05-27 11:07:50,634,5852,1858,837,672,997,5985,947,37,0,-133
2025-05-27 01:38:14,761,5201,1612,1201,671,1557,5831,-4,32,0,-629
2025-05-26 16:08:51,692,5976,1769,410,625,786,4957,640,32,0,1018
2025-05-25 18:00:15,576,5530,1901,332,662,755,4432,163,38,0,1098
2025-05-25 08:25:31,522,4922,1343,291,667,672,3707,139,35,34,1215
2025-05-24 22:56:11,510,5698,2073,353,662,423,4094,-4,45,30,1603
2025-05-24 13:24:59,545,5033,1690,285,658,104,4089,755,40,8,944
2025-05-24 03:56:15,542,4985,1605,1145,654,248,4240,-4,47,0,744
2025-05-23 18:25:39,695,6362,2267,1129,659,284,5428,336,49,7,933
2025-05-23 07:56:19,687,5884,2094,1216,664,103,5266,351,49,99,618
2025-05-22 22:25:51,697,6504,2213,1126,656,1451,6191,-5,49,0,313
2025-05-22 11:46:51,661,5196,1589,765,624,525,5445,1221,42,15,-249
2025-05-22 02:17:05,737,5038,1562,1181,666,1173,5360,-4,39,4,-321
2025-05-21 16:47:19,661,5171,1849,822,659,370,5443,968,32,79,-271
2025-05-21 07:17:36,666,5817,1782,1086,669,277,4855,268,33,71,961
2025-05-20 21:47:04,950,7077,2307,1267,668,148,5469,-2,49,80,1607
2025-05-20 12:16:55,711,4752,815,795,669,1337,5944,1571,43,0,-1192
2025-05-20 02:46:48,773,5213,1575,1087,661,990,5131,-5,45,1,81
2025-05-19 17:17:16,732,5939,1442,401,648,2215,5999,517,42,0,-59
2025-05-19 07:39:01,596,5821,1717,248,663,1201,4818,260,43,86,1003
2025-05-18 22:08:24,611,5903,1985,251,656,867,4435,-5,40,29,1467
2025-05-18 12:38:41,465,3640,1262,156,663,401,4016,1027,38,0,-375
2025-05-18 03:08:43,623,4802,1589,229,663,459,3606,-5,39,6,1196
2025-05-17 16:47:10,562,5347,1634,164,662,602,4248,566,43,11,1099
2025-05-17 07:16:55,633,5269,1591,1048,669,545,4606,43,41,32,662
2025-05-16 21:47:17,866,7032,2465,1144,663,660,5935,-4,35,104,1097
2025-05-16 11:17:53,791,6268,1485,711,659,1273,5710,741,44,2,558
2025-05-16 01:37:52,803,5288,1492,1053,665,2111,6164,-4,42,0,-876
2025-05-15 15:55:16,815,4841,1212,653,617,1515,6160,1264,43,37,-1319
2025-05-15 06:26:09,945,5566,1690,1112,674,687,5178,23,44,0,387
2025-05-14 20:47:26,879,7045,2285,1026,663,670,5648,0,40,82,1397
2025-05-14 11:17:15,832,4763,1153,704,632,65,4961,1510,42,18,-197
2025-05-14 01:47:16,927,5317,1616,1075,672,159,4484,-5,38,0,832
2025-05-13 16:17:00,799,5234,1474,802,671,78,4851,983,41,0,383
2025-05-13 05:56:44,639,5274,1564,990,675,860,4765,-1,35,1,508
2025-05-12 10:39:00,565,5750,1588,667,652,379,4879,988,35,0,870
2025-05-12 01:09:09,589,4877,1528,237,670,922,3972,-5,29,0,905
2025-05-11 15:38:42,513,4262,1125,160,669,205,3581,871,36,0,680
2025-05-11 06:09:16,758,4656,1565,236,1367,384,4388,0,41,34,267
2025-05-10 19:02:49,592,5820,1888,196,1378,242,4576,220,41,0,1244
2025-05-10 06:19:31,629,5141,1530,259,1373,246,4087,5,42,0,1053
2025-05-09 16:29:57,547,5442,1203,1008,1341,959,6021,917,43,0,-579
2025-05-09 03:49:36,641,5110,1378,1050,1366,810,5286,-4,41,0,-176
2025-05-08 15:08:17,586,5715,1259,1000,1314,77,4986,702,45,0,728
2025-05-08 02:46:56,610,5109,1371,1075,1361,508,4968,-4,43,0,141
2025-05-07 14:00:22,552,5411,1452,892,1311,427,5634,958,39,0,-223
2025-05-07 00:30:00,615,5325,1323,1056,1366,152,4560,-4,48,0,765
2025-05-06 11:37:57,564,5710,1558,961,1341,33,5318,791,44,0,392
2025-05-05 23:18:29,589,5815,1857,648,1361,470,4970,-4,45,0,844
2025-05-05 10:37:53,564,5441,1628,551,1345,47,5207,1033,41,0,234
2025-05-04 19:27:00,538,5346,1593,241,1377,1459,5364,104,39,0,-18
2025-05-04 08:50:08,460,4136,1302,205,1373,502,4553,650,39,0,-416
2025-05-03 16:59:54,440,4632,1019,181,1375,1478,5300,760,39,0,-667
2025-05-03 03:17:30,457,4866,1301,248,1372,648,4070,-1,41,0,795
2025-05-02 12:17:51,445,4019,1120,178,1322,628,4972,1238,39,0,-953
2025-05-02 00:46:51,441,5145,1368,253,1380,1217,4699,-4,42,0,445
2025-05-01 11:08:42,465,4417,1599,180,1365,43,4698,986,39,0,-281
2025-04-30 19:32:19,535,6489,2222,260,1367,282,4812,82,42,0,1677
2025-04-30 02:46:50,550,5180,1197,264,1375,275,3698,-5,40,0,1481
2025-04-29 10:27:15,509,5059,1445,215,1336,131,5118,1442,37,0,-58
2025-04-28 22:50:11,736,6335,2006,314,1367,756,5227,-3,36,0,1108
2025-04-28 06:38:13,598,5593,1324,284,1376,104,3741,14,35,0,1852
2025-04-27 18:00:15,590,4920,1256,247,1369,218,4168,442,36,0,752
2025-04-27 07:00:10,565,4539,1297,225,1370,1365,4875,15,36,0,-335
2025-04-26 18:39:19,579,5977,1636,269,1376,920,4983,163,36,0,994
2025-04-26 06:55:32,562,4987,1203,235,1370,880,4313,19,38,0,673
2025-04-25 13:28:01,488,4506,1416,609,1323,166,5592,1548,37,0,-1085
2025-04-25 01:46:29,600,5164,1258,678,1366,6,3944,-4,39,0,1219
2025-04-24 04:26:05,571,5036,1293,684,1369,26,3978,-4,38,0,1057
2025-04-23 14:15:47,543,4546,1025,647,1349,-6,4855,1243,43,0,-309
2025-04-23 02:37:54,547,4944,1072,648,1381,233,3922,-3,39,0,1021
2025-04-22 12:17:49,231,4200,1263,243,1384,108,4719,1437,41,0,-518
2025-04-21 18:41:54,249,4223,1550,201,1383,298,3943,202,41,0,280
2025-04-21 06:00:12,256,4045,1250,223,1380,88,3236,-3,40,0,808
2025-04-20 15:30:19,240,2589,366,184,1380,11,2879,654,37,0,-290
2025-04-20 03:55:02,290,4279,1217,269,1380,16,3208,-4,39,0,1070
2025-04-19 15:00:08,260,4808,1145,199,1375,116,3854,719,37,0,954
2025-04-19 03:39:05,252,4473,1271,219,1374,238,3390,-3,37,0,1082
2025-04-18 13:55:55,423,4591,1379,210,1367,1147,5314,747,38,0,-723
2025-04-18 02:17:13,440,5069,1293,242,1367,1360,4745,-3,45,0,323
2025-04-17 14:30:19,550,4910,1424,230,1341,1612,6715,1506,48,0,-1804
2025-04-17 01:07:47,553,5542,1227,420,1371,1787,5401,-4,44,0,140
2025-04-16 13:00:10,745,5106,1330,393,1303,1419,6792,1551,48,0,-1685
2025-04-16 00:30:03,787,5932,1399,487,1377,1647,5739,-4,45,0,193
2025-04-15 13:17:01,802,6948,1594,478,1380,1674,6443,479,34,0,505
2025-04-15 01:29:59,761,5663,1282,486,1369,1836,5776,-3,43,0,-112
2025-04-14 13:38:51,579,6425,1511,466,1365,1561,6213,683,46,0,211
2025-04-14 02:38:06,576,5132,1274,487,1373,1023,4776,-4,45,0,355
2025-04-13 14:25:14,543,3852,1019,395,1358,18,4522,1143,45,0,-670
2025-04-13 02:17:19,606,5266,1367,511,1374,193,4090,-3,41,0,1175
2025-04-12 15:08:08,755,5475,1158,400,1363,1095,5443,625,44,0,32
2025-04-12 04:54:59,859,5668,1355,496,1377,1097,5230,-4,48,0,438
2025-04-11 18:00:10,985,7161,1734,531,1369,1818,6717,225,47,0,444
2025-04-11 06:09:00,887,6512,1387,559,1375,2209,6457,-4,41,0,55
2025-04-10 20:01:09,983,7950,2136,586,1366,2615,7762,0,38,0,187
2025-04-10 06:59:57,959,6823,1746,580,1374,659,5384,4,52,0,1438
2025-04-09 18:29:54,839,7153,2160,558,1371,425,5686,279,52,0,1467
2025-04-09 06:30:09,945,6638,1689,577,1371,626,5258,-3,50,0,1380
2025-04-08 17:24:53,779,6572,2054,556,1369,131,5587,641,54,0,985
2025-04-08 03:11:13,955,5942,1591,621,1367,115,4697,-3,48,0,1244
2025-04-07 13:30:00,772,6732,1898,552,1360,880,6426,915,45,0,306
2025-04-07 02:00:06,790,5297,1675,557,1376,624,5060,-4,40,0,237
2025-04-06 15:25:06,745,5235,1312,443,1331,566,4892,455,38,0,342
2025-04-06 04:30:05,789,5073,1666,529,1381,926,5333,-2,42,0,-259
2025-04-05 16:07:54,704,5162,1120,446,1381,434,4676,540,43,0,486
2025-04-05 03:38:14,792,5428,1658,544,1383,594,5016,-4,46,0,412
2025-04-04 15:31:20,756,5817,1621,469,1384,694,5816,841,48,0,0
2025-04-04 04:29:56,794,5553,1518,569,1383,660,4968,-4,48,0,584
2025-04-03 17:07:55,771,6623,1901,542,1359,700,5823,495,51,0,799
2025-04-03 05:25:05,777,5682,1610,550,1385,878,5249,-3,50,0,433
2025-04-02 18:30:57,824,6940,2233,608,1376,1147,6364,95,51,0,576
2025-04-02 04:25:08,767,5399,1558,613,1376,1523,5886,-4,51,0,-486
2025-04-01 15:16:53,744,5959,2134,606,1370,514,6184,763,51,0,-224
2025-04-01 03:24:46,810,5470,1673,638,1370,98,4637,-4,50,0,832
2025-03-31 14:29:50,658,6208,1945,650,1356,120,5561,759,68,0,647
2025-03-31 02:00:17,568,5040,1458,663,1377,-18,4107,-4,63,0,933
2025-03-30 14:08:49,568,4829,1193,561,1377,138,4393,490,62,0,436
2025-03-30 01:38:49,813,5259,1395,687,1374,157,4487,-4,63,0,771
2025-03-29 13:56:02,837,6287,1686,1096,1367,520,5834,257,64,0,453
2025-03-29 04:24:38,743,5378,1216,1040,1373,2184,6624,-4,70,0,-1245
2025-03-28 16:59:50,797,7057,1485,1092,1363,2588,7534,131,74,0,-477
2025-03-28 05:55:18,765,5763,1085,1084,1379,2491,6876,-4,74,0,-1113
2025-03-27 17:59:56,761,7158,1499,1077,1344,1281,6108,70,73,0,1049
2025-03-26 22:30:07,767,6481,1674,1055,1373,981,5921,-3,67,0,559
2025-03-26 08:25:59,762,6712,1529,979,1378,349,5425,335,66,0,1287
2025-03-25 21:17:18,773,7067,2004,1071,1371,333,5628,-4,65,0,1439
2025-03-25 08:02:57,771,6578,1663,1077,1362,784,6077,335,67,0,500
2025-03-24 21:00:13,882,7505,1962,1145,1357,1090,6519,-2,59,0,985
2025-03-24 10:17:16,822,6436,1426,1102,1295,186,5652,747,70,0,784
2025-03-23 22:22:57,877,5975,1726,1023,1369,2082,7162,-4,66,0,-1187
2025-03-23 11:29:40,828,4796,935,961,1373,2518,7443,762,64,0,-2647
2025-03-23 01:39:11,804,5192,1030,997,1375,2244,6515,-4,67,0,-1322
2025-03-22 15:30:17,822,5352,983,962,1358,2094,6860,572,63,0,-1507
2025-03-22 04:46:40,892,5510,1419,1036,1373,605,5389,-4,66,0,121
2025-03-21 16:16:57,798,5654,1430,1113,1360,146,5839,926,61,0,-185
2025-03-21 04:25:09,890,5748,1590,1163,1375,182,5268,-4,69,0,480
2025-03-20 16:37:49,864,6115,1400,1026,1303,62,5492,768,62,0,622
2025-03-20 05:38:19,873,6184,1544,1169,1386,784,5813,-4,59,0,371
2025-03-19 17:59:55,992,7267,1764,1190,1369,706,6207,102,63,0,1059
2025-03-19 05:59:36,876,6375,1392,1177,1371,1054,5938,-4,70,0,437
2025-03-18 20:30:21,958,8114,1674,1188,1367,1549,6805,-2,68,0,1309
2025-03-18 09:08:55,866,7567,1370,1096,1374,2663,7946,487,71,0,-378
2025-03-17 21:29:44,930,7470,1751,1210,1371,2000,7373,44,65,0,96
2025-03-17 10:01:08,738,7140,1430,1185,1356,70,5183,332,59,0,1956
2025-03-16 22:01:17,822,6034,1414,1372,1369,318,5367,-4,58,0,666
2025-03-16 11:30:15,775,5035,899,967,1376,480,5023,470,53,0,11
2025-03-16 00:38:23,800,5208,1176,1100,1374,1324,5830,-4,55,0,-622
2025-03-15 12:16:34,783,5751,1438,1033,1369,1086,6255,488,54,0,-504
2025-03-15 02:00:22,858,5373,1259,1190,1374,1065,5805,-3,57,0,-432
2025-03-14 16:29:35,892,6377,1504,1428,1370,412,5959,297,54,0,417
2025-03-14 01:30:40,769,5586,1105,1341,1380,1932,6588,-3,60,0,-1001
2025-03-13 14:46:42,854,5931,901,1296,1326,2539,7726,729,64,0,-1794
2025-03-13 04:00:22,856,5523,1051,1360,1385,1511,6220,-4,60,0,-697
2025-03-12 16:38:51,825,6447,1433,1290,1368,548,5873,343,58,0,573
2025-03-12 05:39:38,825,5766,1046,1315,1368,1498,6125,-4,59,0,-359
2025-03-11 20:08:23,835,7681,1614,1308,1372,1824,7013,-3,55,0,667
2025-03-11 06:38:41,825,6222,1225,1313,1377,330,5149,-2,58,0,1072
2025-03-10 14:31:33,723,5717,1587,1282,1311,292,6322,1064,51,0,-605
2025-03-10 01:46:51,588,5042,1039,1308,1373,136,4499,-4,55,0,543
2025-03-09 14:59:30,568,4059,700,967,1370,208,4683,802,62,0,-624
2025-03-09 03:25:18,588,5214,1056,1154,1372,285,4516,-4,63,0,697
2025-03-08 16:26:05,622,5349,1146,1008,1374,176,4955,552,64,0,393
2025-03-08 04:59:36,589,5532,1104,1310,1378,204,4650,-4,66,0,881
2025-03-07 18:18:22,883,7403,1605,1325,1368,219,5515,33,70,0,1888
2025-03-07 06:16:37,899,6437,1191,1353,1378,14,4930,-3,74,0,1507
2025-03-06 20:30:55,919,7793,1668,1394,1367,174,5613,-3,69,0,2179
2025-03-06 07:40:00,913,7323,1434,1221,1376,516,5765,212,71,0,1557
2025-03-05 21:01:29,1032,7742,1630,1361,1362,1001,6472,-3,66,0,1270
2025-03-05 09:17:39,880,6738,1298,1274,1381,51,5974,1031,56,0,764
2025-03-04 22:38:10,934,6935,1559,1412,1369,477,5816,-4,67,0,1119
2025-03-04 10:26:33,867,6468,1366,1364,1306,15,6283,1306,54,0,184
2025-03-03 22:24:17,898,7166,1740,1302,1366,24,5400,-3,71,0,1765
2025-03-03 07:39:08,979,7511,1465,1417,1378,649,6071,86,70,0,1439
2025-03-02 21:59:20,955,6658,1321,1558,1377,727,6029,-4,71,0,628
2025-03-02 11:30:18,869,5657,1058,1503,1381,476,5934,575,70,0,-276
2025-03-02 01:14:40,982,5699,1269,1606,1377,259,5586,-4,73,0,113
2025-03-01 13:59:25,931,6878,1191,1551,1382,650,6107,303,72,0,770
2025-03-01 04:25:15,915,5873,1306,1543,1372,441,5646,-4,70,0,226
2025-02-28 18:00:37,1080,8225,1513,1546,1362,871,6456,-1,72,0,1769
2025-02-28 05:37:59,985,6305,967,1527,1376,1496,6423,-4,74,0,-118
2025-02-27 18:24:53,1074,8357,1564,1627,1366,1222,6948,0,74,0,1409
2025-02-27 08:28:05,991,8105,1292,1577,1381,1653,7191,189,75,0,914
2025-02-26 22:17:31,1296,7334,1341,1560,1373,1474,7115,-3,72,0,219
2025-02-26 09:21:42,1170,7816,1302,1571,1379,315,6556,726,72,0,1260
2025-02-25 21:47:18,1212,7854,1484,1484,1371,102,5718,-3,67,0,2136
2025-02-25 05:39:29,1135,6664,1039,1132,1371,260,5007,-3,70,0,1657
2025-02-24 15:27:34,1292,7201,1080,1084,1346,399,6144,871,68,0,1057
2025-02-24 02:17:40,1148,5812,936,1095,1377,681,5302,-4,68,0,509
2025-02-23 12:29:37,1148,5354,986,929,1376,83,5660,1060,70,0,-306
2025-02-23 00:30:27,1196,6439,1069,1592,1374,374,5674,-3,70,0,764
2025-02-22 12:27:39,1136,6205,953,1557,1372,91,6236,1050,75,0,-31
2025-02-21 16:47:35,1329,7816,1206,1513,1359,1288,7069,295,72,0,747
2025-02-21 04:25:45,1428,6513,1077,1597,1382,792,6350,-4,74,0,162
2025-02-20 16:09:33,1311,7679,1134,1435,1313,755,6456,433,72,0,1223
2025-02-20 02:55:26,1339,6449,990,1475,1379,372,5624,-4,72,0,824
2025-02-19 14:46:31,1328,7561,1313,1456,1319,285,6520,747,69,0,1040
2025-02-19 01:29:19,1344,6450,1147,1595,1379,407,5942,-4,72,0,507
2025-02-18 13:30:39,1318,8397,1283,1505,1376,696,6679,430,69,0,1717
2025-02-18 01:38:30,1197,6492,955,1422,1371,1219,6231,-3,69,0,260
2025-02-17 13:29:29,1174,8303,1243,1556,1353,1699,7591,475,67,0,712
2025-02-17 01:25:24,1138,5894,878,1567,1390,1330,6371,-3,70,0,-476
2025-02-16 15:01:17,1196,6581,1181,1559,1383,254,5854,207,71,0,726
2025-02-16 04:08:38,1230,5721,1086,1494,1391,74,5347,-4,73,0,374
2025-02-12 03:55:19,1109,6198,990,1590,1389,1023,6158,-3,60,0,39
2025-02-11 15:09:33,1011,7012,1292,1328,1390,915,6884,887,57,0,128
2025-02-11 03:38:35,1077,6252,1028,1657,1389,986,6193,-3,57,0,58
2025-02-10 15:16:15,1037,7042,1312,1499,1368,333,6391,782,57,0,651
2025-02-10 04:08:28,1150,5725,1086,1697,1381,491,5863,-1,57,0,-138
2025-02-09 17:29:27,1152,6889,1194,1688,1383,497,5995,9,57,0,894
2025-02-09 06:08:10,1085,5843,951,1422,1380,1520,6413,-3,56,0,-569
2025-02-08 19:59:05,1304,8015,1378,1674,1364,1085,6894,-2,60,0,1121
2025-02-07 22:22:05,1113,7334,1436,1651,1378,1113,6751,-2,59,0,582
2025-02-07 10:08:27,1156,8063,1473,1657,1316,1690,7705,347,61,0,358
2025-02-07 00:00:07,1028,6573,1162,1617,1376,1304,6546,-3,60,0,27
2025-02-06 12:47:23,1159,7148,1133,1546,1341,1494,7474,725,60,0,-325
2025-02-06 02:08:28,1094,6170,1021,1551,1376,1128,6231,-3,59,0,-60
2025-02-05 15:59:24,1135,7787,1738,1651,1357,1176,7301,181,59,0,486
2025-02-05 03:29:16,1137,6035,990,1670,1371,454,5678,-2,55,0,357
2025-02-04 17:39:25,1259,8208,1395,1685,1368,362,6159,7,59,0,2049
2025-02-04 06:08:19,1018,6649,1049,1679,1368,871,6043,-2,58,0,605
2025-02-03 20:30:32,1214,8173,1520,1732,1369,1102,7000,-1,61,0,1172
2025-02-03 09:59:34,869,8107,1528,1835,1361,1175,7050,192,61,0,1056
2025-02-02 23:40:16,790,5766,1119,1817,1367,547,5700,-2,59,0,66
2025-02-02 13:25:23,977,5970,1029,1400,1369,241,5307,224,58,0,662
2025-02-01 10:55:32,838,6805,1114,1738,1374,403,5808,280,59,0,996
2025-02-01 01:00:24,825,5966,1139,1788,1386,129,5314,-2,56,0,651
2025-01-31 14:29:29,906,7195,1413,1785,1379,29,5877,286,57,0,1317
2025-01-31 02:25:29,797,5798,1064,1703,1382,45,5047,-3,57,0,751
2025-01-30 16:39:37,831,7102,1350,1639,1387,82,5479,108,55,0,1622
2025-01-30 05:30:26,775,5996,1024,1696,1383,333,5267,-2,56,0,728
2025-01-29 19:59:03,885,8045,1541,1726,1378,227,5834,-1,56,0,2210
2025-01-29 09:25:42,798,7593,1079,1655,1383,806,6130,323,58,0,1462
2025-01-28 23:38:35,799,6293,1167,1755,1387,569,5731,-2,55,0,561
2025-01-28 12:59:27,757,6320,1277,1634,1385,327,6281,845,53,0,38
2025-01-28 03:08:23,753,5710,960,1745,1386,531,5432,-2,55,0,278
2025-01-27 17:39:13,908,8044,1330,1665,1323,523,5825,-1,60,0,2218
2025-01-27 06:16:29,745,6311,870,1631,1383,1467,6156,-2,54,0,155
2025-01-26 20:46:32,795,6873,1159,1767,1377,1869,7023,-2,56,0,-149
2025-01-26 10:56:22,812,5656,958,1764,1382,592,5938,374,55,0,-282
2025-01-26 01:00:35,795,5702,1077,1769,1377,171,5244,-3,55,0,458
2025-01-25 14:38:14,750,6134,777,1640,1384,959,6045,473,59,0,88
2025-01-25 04:17:18,749,5329,802,1524,1383,1916,6429,-2,57,0,-1100
2025-01-24 17:55:30,1273,7849,1410,1659,1380,22,5805,-1,59,0,2043
2025-01-24 06:16:09,1157,6109,1070,1528,1373,37,5222,-2,57,0,887
2025-01-23 20:46:15,1121,7999,1552,1499,1371,150,5754,-1,59,0,2244
2025-01-23 10:08:17,1127,7969,1335,1636,1332,144,6058,419,57,0,1911
2025-01-22 17:30:23,1199,8490,1388,1582,1332,304,5879,-1,57,0,2610
2025-01-22 06:59:34,1211,7289,1167,1643,1388,164,5631,-1,57,0,1657
2025-01-21 21:29:32,1177,7935,1492,1646,1382,600,6355,-1,58,0,1579
2025-01-21 09:52:17,1193,8488,1411,1735,1330,114,6017,152,61,0,2470
2025-01-20 22:47:12,1132,7091,1455,1621,1372,69,5701,-2,55,0,1390
2025-01-20 12:18:07,971,7551,1340,1676,1356,18,6038,606,52,0,1512
2025-01-20 00:46:09,881,5789,1100,1671,1379,305,5386,-2,51,0,402
2025-01-19 13:56:20,949,5920,1171,1710,1386,480,6230,480,51,0,-310
2025-01-19 03:59:23,866,5643,979,1808,1388,1695,6807,-3,52,0,-1163
2025-01-18 13:47:10,937,6860,1040,1805,1385,1182,6880,474,55,0,-20
2025-01-18 03:55:21,869,6147,1038,1827,1382,1089,6266,-3,57,0,-118
2025-01-17 17:29:27,1270,8605,1256,1820,1370,1789,7565,0,55,0,1039
2025-01-17 07:38:26,1293,8078,1224,1852,1386,1465,7277,-2,54,0,800
2025-01-16 22:08:35,1189,7693,1423,1856,1375,831,6727,-3,55,0,966
2025-01-16 12:22:22,1283,7393,1292,1843,1300,250,6846,794,54,0,546
2025-01-16 02:30:11,1149,6378,1047,1846,1385,408,5888,-2,49,0,489
2025-01-15 16:38:17,1158,8209,1380,1764,1359,185,5911,37,49,0,2298
2025-01-15 05:55:15,1027,6661,1064,1779,1381,342,5651,-2,52,0,1010
2025-01-14 20:08:30,1050,8548,1555,1848,1365,39,5920,-1,55,0,2628
2025-01-14 09:33:22,1207,8325,1419,1892,1313,485,6602,202,52,0,1722
2025-01-13 23:00:14,913,6866,1348,1713,1371,1395,6795,-2,52,0,71
2025-01-13 13:00:14,860,7518,1298,1610,1370,1149,6898,542,53,0,620
2025-01-13 03:00:15,778,5366,979,1647,1384,662,5499,-3,49,0,-132
2025-01-12 15:55:37,841,6355,1077,1688,1383,233,5422,138,49,0,932
2025-01-12 05:17:27,809,5475,1028,1661,1383,36,4965,-3,50,0,509
2025-01-11 19:47:06,876,7589,1371,1658,1384,208,5561,-2,52,0,2028
2025-01-11 09:16:27,810,6802,1137,1650,1380,208,5328,90,49,0,1474
2025-01-10 23:47:14,752,6189,992,1550,1376,2118,6839,-2,50,0,-650
2025-01-10 13:25:31,738,7019,1176,1410,1356,582,5664,353,47,0,1355
2025-01-10 03:29:24,724,5591,1043,1600,1384,683,5482,-3,49,0,108
2025-01-09 17:56:18,837,7881,1398,1610,1371,916,6205,-1,44,0,1676
2025-01-09 07:48:18,805,7331,1243,1700,1385,495,5687,0,40,0,1643
2025-01-08 21:17:24,815,7254,1432,1707,1379,1357,6743,-2,47,0,511
2025-01-08 11:38:15,561,6890,983,1571,1372,770,5918,615,42,0,971
2025-01-08 00:29:18,544,5338,997,1665,1380,883,5510,-2,42,0,-172
2025-01-07 14:30:11,579,6000,1184,1750,1364,357,5462,182,43,0,538
2025-01-07 04:38:16,550,5071,697,1661,1393,646,4988,-2,41,0,83
2025-01-06 18:08:32,772,7079,1311,1739,1389,1149,6420,-2,46,0,658
2025-01-06 07:30:25,625,5874,1062,1580,1391,1300,6014,-3,43,0,-140
2025-01-05 21:47:40,744,6498,1167,1672,1391,1214,6233,-3,46,0,265
2025-01-05 08:30:26,684,5889,830,1627,1391,474,5093,30,45,0,795
2025-01-04 22:55:26,757,6376,1131,1665,1390,242,5228,-3,44,0,1147
2025-01-04 07:47:23,722,5862,1051,1634,1387,169,5004,-3,39,0,858
2025-01-03 22:18:14,717,6425,1479,1559,1377,609,5794,-2,40,0,630
2025-01-03 12:16:32,719,6710,1048,1388,1343,1643,6370,184,42,0,339
2025-01-03 01:29:03,708,5093,840,1569,1389,2058,6622,-3,36,0,-1529
2025-01-02 16:00:36,738,5807,1171,1473,1390,1393,6319,92,38,0,-511
2025-01-02 05:59:39,720,4984,857,1601,1394,1479,6087,-3,36,0,-1102
2025-01-01 20:29:25,748,6069,1195,1607,1387,1662,6638,-3,37,0,-569
2025-01-01 10:47:16,691,4443,775,1523,1387,935,5778,409,39,0,-1334
2025-01-01 00:55:38,732,5727,834,1599,1386,694,5282,-2,37,0,445
2024-12-31 14:08:17,740,6507,1255,1503,1316,314,5431,262,39,0,1075
2024-12-31 04:08:18,752,5167,986,1430,1385,25,4615,-3,39,0,551
2024-12-30 17:08:10,762,7654,1559,1555,1352,-7,5266,-2,42,0,2387
2024-12-30 06:30:18,714,5638,1043,1352,1383,3,4534,-3,41,0,1103
2024-12-29 20:55:41,748,6794,1242,1454,1379,-17,4846,-2,42,0,1947
2024-12-29 10:17:32,733,6164,1241,1367,1384,-10,4852,93,41,0,1311
2024-12-29 00:47:19,745,5487,1095,1406,1381,405,5070,-3,39,0,416
2024-12-28 14:25:13,751,6822,1383,755,1337,875,5276,132,41,0,1545
2024-12-28 04:08:15,750,5132,1209,737,1384,896,5011,-3,37,0,120
2024-12-27 15:29:12,691,6641,1420,1504,1379,1124,6204,50,32,0,436
2024-12-27 05:55:12,743,5142,1097,1529,1378,1303,6080,-3,31,0,-938
2024-12-26 20:08:11,748,6391,1452,1499,1379,2375,7487,-3,30,0,-1096
2024-12-26 10:25:16,638,5570,1391,1544,1378,2619,7776,153,30,0,-2205
2024-12-26 00:55:24,628,5121,986,1506,1380,2664,7194,-2,29,0,-2073
2024-12-25 15:25:33,644,5435,1004,1560,1377,2660,7345,68,29,0,-1909
2024-12-25 05:46:39,649,4914,841,1498,1378,2703,7120,-2,31,0,-2205
2024-12-24 19:29:16,584,7149,1255,1391,1377,2393,7039,-2,37,0,110
2024-12-24 10:00:31,653,7227,1335,1633,1354,2216,7279,18,37,0,-52
2024-12-24 00:00:09,659,6138,1283,1586,1367,1783,6719,-3,42,0,-581
2024-12-23 13:38:35,672,7107,1402,1654,1325,558,6013,354,45,0,1093
2024-12-23 02:30:09,666,5435,1054,1515,1384,286,4944,-3,40,0,491
2024-12-22 15:25:15,743,6428,1145,1529,1383,488,5477,147,39,0,951
2024-12-22 05:08:24,755,5517,794,1582,1382,1934,6485,-3,38,0,-968
2024-12-21 19:08:31,760,7812,1266,1650,1377,2577,7687,-2,43,0,125
2024-12-21 08:38:26,722,6851,1056,1462,1385,2217,6894,7,43,0,-42
2024-12-20 21:55:33,882,7210,1438,1672,1374,317,5728,-2,44,0,1481
2024-12-20 10:08:22,796,7668,1318,1776,1341,305,5838,249,42,0,1829
2024-12-19 23:29:35,807,6598,1242,1699,1376,726,5904,-2,42,0,693
2024-12-19 12:17:29,776,6824,1262,1664,1346,108,5818,622,37,0,1005
2024-12-19 01:55:11,807,6022,1174,1707,1378,185,5293,-3,42,0,728
2024-12-18 16:25:56,845,7983,1418,1724,1343,56,5454,18,44,0,2528
2024-12-18 05:56:03,819,6213,1171,1809,1380,472,5694,-2,42,0,519
2024-12-17 20:08:47,863,8068,1413,1727,1376,1465,6903,-2,48,0,1164
2024-12-17 09:17:14,777,8196,1277,1769,1373,1631,7030,141,49,0,1166
2024-12-16 19:38:08,693,8411,1393,1826,1365,2411,7756,-2,49,0,655
2024-12-16 09:47:30,643,8314,1217,1703,1346,1656,6918,297,48,0,1406
2024-12-15 10:57:03,752,6230,1007,1377,1380,1676,6564,326,43,0,-334
2024-12-15 00:17:03,815,6083,1216,1707,1380,1352,6538,-2,42,0,-454
2024-12-14 13:59:52,800,7050,1073,1722,1380,2204,7519,263,45,0,-468
2024-12-14 03:38:53,802,6015,1162,1742,1373,105,5228,-2,44,0,786
2024-12-13 17:30:33,801,8597,1421,1779,1365,614,6029,0,47,0,2568
2024-12-13 07:18:27,830,7677,1327,1803,1381,570,5969,-2,49,0,1708
2024-12-12 21:30:21,812,7739,1451,1773,1364,473,5922,-2,49,0,1817
2024-12-12 10:17:12,793,8031,1310,1687,1372,1030,6550,312,41,0,1480
2024-12-11 23:25:05,808,6719,1269,1751,1377,531,5780,-2,39,0,938
2024-12-11 09:38:49,797,8505,1333,1840,1385,587,6056,53,42,0,2449
2024-12-10 23:47:28,799,6459,1264,1680,1380,551,5716,-2,41,0,742
2024-12-10 12:55:25,811,8396,1264,1733,1362,1479,6777,84,42,0,1618
2024-12-10 02:09:33,773,5860,1188,1598,1377,141,5117,-3,38,0,743
2024-12-09 15:47:07,875,8066,1342,1563,1368,968,6205,45,41,0,1861
2024-12-09 05:00:19,869,5597,894,1521,1384,1569,6266,-2,29,0,-668
2024-12-08 16:47:58,920,7072,1412,1321,1387,276,5365,0,36,0,1707
2024-12-08 06:59:29,860,5823,1076,1253,1386,755,5379,-3,36,0,444
2024-12-07 21:16:44,888,7241,1280,1270,1382,1060,5921,-2,40,0,1320
2024-12-07 10:55:35,940,7541,1177,1265,1384,1678,6549,63,38,0,991
2024-12-07 01:09:17,814,6074,1131,1526,1380,1439,6330,-2,40,0,-256
2024-12-06 08:29:15,886,8187,1329,1494,1381,848,6003,0,47,0,2184
2024-12-05 23:00:23,881,7002,1333,1496,1375,477,5605,-3,44,0,1396
2024-12-05 11:50:15,877,8501,1353,1481,1356,308,5583,161,45,0,2917
2024-12-04 22:26:10,828,7271,1385,1548,1375,384,5577,-3,44,0,1694
2024-12-04 10:02:25,879,8532,1354,1566,1321,358,5610,59,45,0,2921
2024-12-03 23:16:19,1036,6587,1254,1430,1374,245,5382,-3,42,0,1204
2024-12-03 11:30:11,859,8245,1419,1597,1324,95,5568,222,44,0,2676
2024-12-02 23:25:25,834,6537,1230,1455,1369,330,5283,-3,42,0,1254
2024-12-02 11:46:06,832,8111,1285,1547,1371,1048,6349,218,45,0,1762
2024-12-02 02:00:30,811,5341,1030,1484,1368,1172,5904,-4,40,0,-585
2024-12-01 15:38:17,821,6211,1036,1453,1374,1544,6359,85,44,0,-147
2024-12-01 06:08:09,820,5542,963,1458,1372,1731,6384,-3,41,0,-842
2024-11-30 18:08:23,839,7332,1085,1424,1366,1968,6749,-2,45,0,582
2024-11-30 07:30:31,787,6172,1043,1495,1370,448,5186,-2,42,0,986
2024-11-29 21:55:33,885,7407,1321,1410,1362,292,5309,-2,40,0,2098
2024-11-29 12:00:26,898,8202,1247,1453,1296,1030,6097,136,36,0,2104
2024-11-29 00:08:25,828,6255,1077,1548,1361,1170,6029,-3,36,0,226
2024-11-28 11:59:24,870,7714,1213,1553,1352,131,5413,250,40,0,2301
2024-11-28 01:38:25,817,5898,1079,1472,1387,257,5051,-2,38,0,846
2024-11-27 14:30:24,1011,7758,1183,1551,1374,171,5729,395,41,0,2028
2024-11-27 02:30:04,906,5768,1030,1547,1393,115,5031,-3,38,0,736
2024-11-26 15:38:23,993,7735,1308,1580,1362,156,5619,173,43,0,2116
2024-11-26 04:55:14,850,5920,1045,1645,1385,117,5080,-3,40,0,839
2024-11-25 16:00:12,876,7770,1355,1746,1381,32,5500,63,43,0,2270
2024-11-25 04:38:32,700,5427,703,1617,1380,216,4653,-3,38,0,773
2024-11-24 18:51:29,822,7139,1190,1645,1382,325,5424,-2,41,0,1715
2024-11-24 07:08:30,819,5963,1050,1570,1381,478,5358,-2,36,0,604
2024-11-23 21:38:16,824,7132,1168,1633,1375,1512,6553,-2,40,0,578
2024-11-23 10:08:06,858,7142,1212,1621,1364,1617,6986,246,39,0,156
2024-11-23 00:15:32,869,6337,923,1697,1370,2368,7298,-1,36,0,-960
2024-11-22 14:20:12,866,8138,1257,1716,1353,2605,7948,109,39,0,189
2024-11-22 03:29:25,843,5902,1234,1707,1384,432,5641,-3,36,0,261
2024-11-21 16:08:04,841,7615,1272,1435,1339,458,5468,82,38,0,2147
2024-11-21 06:19:15,798,6483,1008,1482,1383,2242,6948,-2,36,0,-465
2024-11-20 20:38:06,819,7893,1307,1499,1387,2269,7316,-2,35,0,576
2024-11-20 10:08:20,810,7564,1123,1516,1377,1536,6858,445,39,0,706
2024-11-20 00:38:12,968,6046,1024,1730,1387,1926,7071,-2,37,0,-1025
2024-11-19 13:08:14,879,7026,1182,1470,1386,39,5699,701,37,0,1327
2024-11-19 01:47:17,964,6034,1075,1463,1386,195,5118,-3,36,0,916
2024-11-18 13:46:02,917,7254,1211,1469,1381,168,5832,645,37,0,1421
2024-11-18 03:08:22,967,5391,1206,1559,1375,480,5622,-4,36,0,-231
2024-11-17 15:38:04,962,5859,1073,1113,1360,401,5184,236,36,0,675
2024-11-17 05:16:17,969,5455,1075,1592,1377,387,5438,-2,39,0,17
2024-11-16 19:29:06,871,7483,1269,1594,1379,313,5467,-2,38,0,2015
2024-11-16 03:31:21,958,5831,1047,1553,1377,863,5842,-3,38,0,-11
2024-11-15 15:16:34,1047,7644,1280,1622,1353,303,5857,208,41,0,1787
2024-11-15 05:47:24,1046,6178,1112,1583,1374,21,5175,-2,39,0,1002
2024-11-14 19:34:19,765,8276,1586,1696,1361,16,5492,-1,45,0,2783
2024-11-14 09:25:24,747,8162,1351,1721,1367,-18,5368,155,41,0,2794
2024-11-13 23:39:16,935,6375,1146,1587,1370,295,5363,-2,29,0,1012
2024-11-13 09:25:25,756,8071,1669,1635,1370,161,5739,93,33,0,2332
2024-11-12 22:29:31,902,7028,1295,1644,1371,160,5418,-2,43,0,1610
2024-11-12 11:25:54,936,8195,2119,1708,1344,423,6763,186,42,0,1432
2024-11-11 13:30:07,888,7983,1694,1683,1327,896,6780,246,43,0,1203
2024-11-11 03:08:28,806,5201,1079,1634,1384,1894,6843,-3,41,0,-1642
2024-11-10 17:08:10,890,6878,1049,1274,1383,2133,6777,-2,41,0,101
2024-11-10 06:59:45,871,5501,999,1598,1385,1410,6308,-1,41,0,-806
2024-11-09 21:17:29,891,6967,1202,1566,1380,1999,7088,-1,40,0,-120
2024-11-09 11:29:32,851,6528,1377,1601,1376,1558,7233,422,40,0,-704
2024-11-09 01:08:49,905,5684,1039,1538,1383,1626,6529,-2,38,0,-844
2024-11-08 14:17:17,809,6161,1006,1555,1344,110,5769,894,46,0,392
2024-11-08 04:08:36,802,5739,1131,1633,1381,63,5057,-3,48,0,681
2024-11-07 17:30:32,797,7886,1494,1640,1343,149,5496,0,51,0,2389
2024-11-07 06:08:30,744,6512,1067,1604,1379,40,4878,-3,46,0,1633
2024-11-06 19:59:33,771,8013,1606,1659,1379,15,5484,-1,49,0,2528
2024-11-06 08:38:31,788,7296,1206,1572,1372,63,5491,441,48,0,1805
2024-11-05 21:55:17,768,7046,1554,1382,1363,89,5200,-2,43,0,1845
2024-11-05 10:30:05,717,6555,1091,1079,1323,261,5375,855,43,0,1180
2024-11-05 00:08:12,769,5926,1140,1051,1364,1683,6055,-2,43,0,-129
2024-11-04 13:56:05,726,6553,1159,1020,1329,1061,6092,750,44,0,460
2024-11-03 22:00:13,857,6226,1324,1044,1371,247,4889,-1,44,0,1337
2024-11-03 10:00:04,808,5224,1067,638,1373,508,4757,311,43,0,467
2024-11-03 00:17:04,840,5369,1151,1065,1374,2382,6855,-2,44,0,-1485
2024-11-02 13:38:00,759,5419,908,992,1403,665,5432,660,43,0,-12
2024-11-02 04:08:24,760,5338,950,1005,1364,1507,5640,-2,54,0,-301
2024-11-01 17:00:14,911,6953,1358,986,1350,1109,5783,8,52,0,1169
2024-11-01 06:25:11,907,5967,1177,1032,1379,251,4803,-3,50,0,1164
2024-10-31 20:25:03,871,7439,1660,1034,1367,-10,4978,-2,54,0,2460
2024-10-31 09:25:13,1000,6947,1439,1095,1381,71,5505,441,51,0,1442
2024-10-30 22:17:18,976,6628,1617,1045,1378,17,5087,-2,54,0,1540
2024-10-30 11:47:05,1003,6448,1216,1091,1340,-10,5455,764,49,0,993
2024-10-30 01:38:09,981,5433,1057,1076,1382,16,4577,-3,55,0,855
2024-10-29 15:30:34,1012,6595,1138,1050,1332,141,5088,346,51,0,1506
2024-10-29 04:47:33,990,5418,1013,1056,1381,784,5276,-3,52,0,142
2024-10-28 18:55:09,954,7806,1840,1152,1368,360,5733,-2,55,0,2072
2024-10-28 07:29:34,779,6601,1351,1091,1385,695,5390,41,45,0,1211
2024-10-27 22:00:29,761,5939,1554,1025,1387,1273,6046,-2,46,0,-106
2024-10-27 11:47:26,785,4326,1042,1055,1388,440,5553,791,49,0,-1227
2024-10-27 02:55:03,802,5138,976,1103,1388,417,4733,-2,47,0,405
2024-10-26 16:59:14,784,5570,1055,1018,1380,77,4690,320,52,0,879
2024-10-26 07:30:22,819,6057,1648,1172,1383,20,5104,-2,55,0,953
2024-10-25 21:40:28,821,7256,1931,1163,1371,6,5348,-2,56,0,1907
2024-10-25 10:29:30,793,6578,1498,1091,1361,33,5596,765,52,0,982
2024-10-24 23:47:33,783,6067,1555,1084,1376,105,4959,-3,57,0,1108
2024-10-24 11:17:18,785,6361,1391,1074,1358,434,5860,754,56,0,501
2024-10-24 00:55:02,986,5662,1258,1023,1383,1220,5928,-3,58,0,-266
2024-10-23 14:00:21,886,5305,898,914,1373,248,5520,1143,55,0,-215
2024-10-23 04:08:01,964,5415,928,975,1386,476,4782,-3,54,0,633
2024-10-22 15:55:15,766,5693,1182,942,1385,74,5306,901,53,0,387
2024-10-22 04:38:29,799,5451,1127,1089,1379,54,4501,-3,52,0,950
2024-10-21 16:39:14,674,6090,1207,1017,1355,27,4972,636,53,0,1117
2024-10-21 05:25:21,608,5195,966,1015,1372,141,4152,-3,51,0,1043
2024-10-20 18:18:31,606,5972,1861,1096,1371,100,5101,5,54,0,870
2024-10-20 08:08:12,605,5409,1487,1062,1371,138,4755,25,55,0,654
2024-10-19 21:24:55,610,6763,1975,1101,1363,231,5337,-2,57,0,1425
2024-10-19 09:26:49,585,5852,1543,1060,1351,371,5402,421,57,0,450
2024-10-18 23:55:12,731,5825,1881,1086,1365,334,5449,-2,53,0,376
2024-10-18 12:30:31,773,5466,1118,912,1344,476,5888,1201,52,0,-421
2024-10-18 02:00:29,837,5407,1370,1056,1366,756,5444,-2,53,0,-36
2024-10-17 16:00:34,749,5765,1280,920,1336,1566,6749,842,53,0,-983
2024-10-17 05:29:57,777,5420,992,989,1374,1510,5696,-2,51,0,-276
2024-10-16 19:47:31,834,7589,2271,1096,1328,876,6479,-1,53,0,1109
2024-10-16 10:00:30,734,6919,2296,1035,1158,1184,6712,249,52,0,207
2024-10-15 23:55:15,780,5708,1855,991,998,1036,5703,-2,51,0,5
2024-10-15 14:00:29,696,5974,1577,947,679,70,4883,860,51,0,1090
2024-10-15 03:30:35,733,5079,1319,999,684,60,3844,-3,50,0,1235
2024-10-14 16:59:41,671,5682,1342,965,685,-2,4242,530,48,0,1440
2024-10-14 07:30:14,684,6171,1894,1023,697,700,5070,1,51,0,1101
2024-10-13 22:00:09,632,5833,1761,930,702,491,4565,-1,48,0,1268
2024-10-13 11:10:28,712,4504,991,922,703,147,4068,524,51,0,436
2024-10-13 00:38:45,722,5044,1127,959,705,1442,5006,-2,50,0,38
2024-10-12 15:00:22,714,5319,1377,904,705,1902,6008,366,51,0,-689
2024-10-12 05:30:22,723,4985,1185,912,704,1934,5514,-2,55,0,-528
2024-10-11 20:01:16,765,7291,2095,1484,703,180,5296,-2,56,0,1994
2024-10-11 09:59:39,830,6527,1743,1337,688,113,5098,328,55,0,1429
2024-10-11 00:30:19,834,5530,1302,1401,924,211,4725,-2,54,0,805
2024-10-10 14:25:44,790,5466,1216,1274,1355,291,6063,1079,55,0,-596
2024-10-10 04:55:24,825,5244,1021,1271,1393,1176,5773,32,52,0,-528
2024-10-09 18:47:10,843,6884,1731,1356,1379,684,6061,0,55,0,822
2024-10-09 08:38:16,831,6656,1664,1345,1384,1583,7024,150,50,0,-368
2024-10-08 23:00:29,716,5961,1318,1279,1386,1364,6114,-2,52,0,-153
2024-10-08 12:47:10,715,5259,1230,1142,1374,239,5897,1142,52,0,-638
2024-10-08 02:46:27,850,5109,1162,1442,1383,246,5135,-1,52,0,-25
2024-10-07 15:47:32,757,5651,1222,878,1351,202,5059,596,51,0,591
2024-10-07 05:40:37,804,4860,1513,812,1381,1262,5827,-3,42,0,-966
2024-10-06 20:03:11,848,6447,1859,1016,1381,174,5345,-3,46,0,1101
2024-10-06 10:08:23,789,5047,1385,910,1376,70,4817,239,46,0,230
2024-10-06 00:30:25,797,5140,1400,1338,1378,213,5174,-3,48,0,-33
2024-10-05 14:47:13,792,5790,1606,1284,1377,3,5365,245,55,0,425
2024-10-05 05:18:04,840,5053,1311,1363,1372,99,5036,-3,53,0,17
2024-10-04 19:39:33,666,7216,2053,1481,1368,712,6362,-3,58,0,853
2024-10-04 10:09:33,886,6636,1777,1356,1303,1212,6966,375,54,0,-329
2024-10-04 00:30:37,821,5408,1341,1386,1382,1521,6511,-2,53,0,-1102
2024-10-03 14:30:19,765,5638,1273,1206,1315,924,6450,913,52,0,-812
2024-10-03 05:00:28,837,5269,1273,1347,1375,644,5528,-3,52,0,-259
2024-10-02 19:08:32,852,7073,1753,1336,1359,80,5441,-1,54,0,1632
2024-10-02 07:39:22,853,6568,1627,1368,1373,1620,6920,13,53,0,-352
2024-10-01 22:08:18,860,6331,1819,1371,1377,2401,7880,-3,53,0,-1548
2024-10-01 12:38:26,738,5576,1139,794,1348,2601,7530,852,55,0,-1953
2024-10-01 03:08:03,830,4935,901,875,1368,2523,6550,-2,53,0,-1615
2024-09-30 16:48:22,974,6414,2110,1069,1426,1631,7705,445,40,0,-1291
2024-09-30 07:16:44,837,6002,1733,902,1374,2534,7444,-3,53,0,-1441
2024-09-29 21:47:10,698,5877,1816,859,1369,2170,6960,-3,49,0,-1083
2024-09-29 10:55:22,767,5333,1560,864,1370,396,5250,233,50,0,83
2024-09-29 00:56:11,751,5019,1464,918,1370,600,5157,-3,49,0,-138
2024-09-28 14:30:20,684,4755,846,802,1370,568,5312,985,52,0,-557
2024-09-28 04:26:20,716,4997,961,897,1362,1164,5155,-2,55,0,-158
2024-09-27 16:56:25,768,5998,1356,868,1351,1477,6555,650,54,0,-556
2024-09-27 06:30:34,844,5709,1320,852,1370,706,5152,-3,53,0,557
2024-09-26 20:54:10,831,7063,1518,1273,1352,1259,6310,0,57,0,752
2024-09-26 09:26:11,942,6215,1394,1277,1363,302,5876,530,54,0,338
2024-09-25 23:38:36,912,5610,1444,1271,1355,897,5931,-3,53,0,-320
2024-09-25 12:19:41,837,5526,1178,1156,1314,187,5729,979,51,0,-203
2024-09-25 02:29:48,851,5062,1100,1180,1366,286,4832,-3,49,0,230
2024-09-24 15:08:20,719,5251,1134,1167,1363,312,5824,1075,52,0,-573
2024-09-24 05:30:10,846,5096,1309,1309,1363,34,4918,-3,59,0,177
2024-09-23 18:09:16,825,6320,1682,1252,1360,65,5470,230,53,0,849
2024-09-23 08:30:34,689,6105,1557,1309,1364,402,5647,266,51,0,458
2024-09-22 22:37:52,580,5275,1639,754,1357,196,4569,-3,46,0,705
2024-09-22 09:56:18,401,4249,1222,441,1324,153,4209,620,45,0,40
2024-09-22 00:07:57,720,4889,1463,945,1365,269,4806,-3,46,0,83
2024-09-21 11:57:26,597,4274,1088,687,1358,564,5487,1142,48,0,-1212
2024-09-21 02:08:58,748,4854,1278,848,1361,1154,5438,-3,50,0,-583
2024-09-20 16:30:17,678,5340,1128,914,1357,1077,5903,693,53,0,-563
2024-09-20 06:08:54,680,5392,1254,1310,1358,2018,6680,-3,51,0,-1288
2024-09-19 20:00:35,775,7072,1834,1424,1358,1543,6985,-3,46,0,86
2024-09-19 09:00:22,739,6372,1659,1408,1344,1177,6750,363,44,0,-377
2024-09-18 23:08:13,731,5709,1614,1373,1357,703,5823,-3,44,0,-114
2024-09-18 10:37:54,682,5988,1698,1322,1357,388,6047,532,46,0,-58
2024-09-18 00:47:49,708,5114,1185,1356,1360,767,5424,-3,49,0,-309
2024-09-17 12:39:26,639,5338,1045,1161,1322,439,5567,888,51,0,-229
2024-09-17 02:30:07,640,4926,937,1315,1353,776,5068,-3,49,0,-142
2024-09-16 15:55:52,676,5463,880,1049,1352,168,5047,866,51,0,415
2024-09-16 06:25:31,696,5249,894,1149,1362,1226,5371,-3,44,0,-121
2024-09-15 20:29:10,833,6114,1241,1142,1362,679,5315,-3,45,0,798
2024-09-15 09:08:03,761,4549,637,659,1351,206,4113,459,37,0,435
2024-09-14 23:38:35,831,4980,1112,777,1347,1289,5398,-3,42,0,-418
2024-09-14 12:56:33,767,5420,829,727,1295,1663,5653,330,39,0,-233
2024-09-14 03:16:19,837,5071,751,778,1356,1610,5379,-3,47,0,-307
2024-09-13 17:08:51,792,6445,1100,1121,1352,1806,6391,173,44,0,54
2024-09-13 07:38:48,858,6190,1187,1258,1351,90,4860,61,45,0,1329
2024-09-12 22:08:48,832,6472,1535,1294,1344,58,5110,-3,42,0,1362
2024-09-12 06:00:39,829,5480,1112,1111,1349,455,4908,1,42,0,572
2024-09-11 19:25:31,851,6763,1493,1094,1328,32,4843,0,43,0,1920
2024-09-11 09:47:40,815,6966,1147,1058,1333,669,5162,95,42,0,1804
2024-09-11 00:08:23,838,5515,1137,1057,1333,280,4696,-3,43,0,819
2024-09-10 12:47:10,791,6334,1139,961,1257,165,4833,470,40,0,1500
2024-09-10 03:09:00,773,5078,868,1084,1347,119,4231,-3,41,0,846
2024-09-09 16:17:49,662,6194,1077,1022,1289,94,4974,782,39,0,1219
2024-09-09 06:08:28,650,5176,962,1101,1347,340,4438,-3,39,0,738
2024-09-08 19:00:40,752,5632,1392,714,1350,308,4641,76,40,0,990
2024-09-08 09:29:21,632,4300,680,571,1334,992,4930,681,37,0,-630
2024-09-08 00:00:12,672,5200,1133,1118,1338,1107,5407,-3,40,0,-207
2024-09-07 13:47:26,630,4643,543,695,1331,1526,5934,1159,48,0,-1290
2024-09-07 04:16:17,710,5075,956,1094,1332,1203,5352,-2,56,0,-277
2024-09-06 17:25:36,831,6331,1177,1026,1316,645,5465,412,54,0,866
2024-09-06 06:00:36,948,5434,1119,1091,1327,622,5161,-2,55,0,272
2024-09-05 18:17:53,862,6731,1191,1007,1323,1069,5779,264,54,0,952
2024-09-05 08:31:30,909,6332,1167,1075,1341,571,5452,309,53,0,880
2024-09-04 22:39:41,872,6345,1121,1076,1321,904,5348,0,52,0,997
2024-09-04 12:46:44,799,5749,777,924,1312,1137,6179,1179,47,0,-430
2024-09-04 01:59:47,890,5261,1063,1093,1334,272,4704,-2,52,0,556
2024-09-03 14:56:22,756,6081,1017,928,1334,372,5568,1108,49,0,513
2024-09-03 05:25:40,801,5229,1029,1023,1336,490,4729,-3,51,0,499
2024-09-02 19:55:52,868,7176,1982,1158,1320,67,5460,-1,51,0,1715
2024-09-02 10:26:38,725,5823,1058,952,1272,180,5127,888,50,0,695
2024-09-02 00:55:23,779,4843,1051,1053,1334,266,4530,-2,47,0,312
2024-09-01 14:59:45,762,4623,737,749,1324,346,4746,780,45,0,-123
2024-09-01 05:30:27,919,4715,758,1029,1328,698,4778,-3,48,0,-63
2024-08-31 19:00:48,889,6280,1688,1119,1327,339,5476,60,51,0,804
2024-08-31 09:17:49,894,5469,1226,1108,1322,528,5535,400,50,0,-65
2024-08-30 23:46:32,858,5795,1035,984,1323,822,5074,-3,53,0,720
2024-08-30 07:47:27,1004,6308,1288,1140,1339,625,5523,50,54,0,785
2024-08-29 22:07:43,922,6674,1215,982,1323,784,5286,-3,54,0,1388
2024-08-29 11:25:47,847,6305,1128,1126,1283,884,5901,580,50,0,403
2024-08-29 01:55:39,742,5476,806,1133,1050,653,4433,-3,51,0,1042
2024-08-28 15:25:26,972,6590,972,1089,685,919,5335,644,48,0,1255
2024-08-28 04:29:22,845,5285,901,1104,687,750,4342,-3,55,0,943
2024-08-27 17:56:32,806,7013,1581,1242,680,345,4946,230,51,0,2067
2024-08-27 06:55:31,741,5848,1188,1295,682,860,4823,2,51,0,1025
2024-08-26 19:59:27,790,7538,1975,1277,678,819,5591,0,49,0,1946
2024-08-26 10:29:36,706,6360,1056,1156,1326,565,5758,894,51,0,601
2024-08-25 23:47:47,761,5615,1133,1001,1333,98,4374,-2,44,0,1240
2024-08-25 12:55:39,632,4533,414,826,1333,649,5095,1194,44,0,-561
2024-08-25 03:25:35,670,4818,797,946,1337,768,4565,-3,45,0,253
2024-08-24 11:38:22,756,5066,634,1027,1275,248,5099,1113,43,0,-33
2024-08-24 02:08:48,896,5341,1040,1257,1328,121,4693,-1,50,0,647
2024-08-23 15:27:19,859,6088,1106,1105,1280,44,5549,1103,49,0,538
2024-08-23 04:46:48,859,5239,1021,1217,1333,1155,5640,-2,52,0,-400
2024-08-22 17:56:24,898,7016,1286,1147,1320,593,5699,391,55,0,1317
2024-08-22 07:45:45,781,6207,1133,1204,1328,782,5414,118,52,0,792
2024-08-21 21:23:40,819,7531,1572,1275,1316,37,5094,0,51,0,2436
2024-08-21 10:59:29,729,6187,1094,1169,1314,32,5227,841,46,0,959
2024-08-21 01:29:27,782,5532,1078,1239,1323,21,4492,-3,50,0,1040
2024-08-20 14:38:37,791,6613,1210,1144,1321,73,5473,884,48,0,1139
2024-08-20 05:08:16,763,5298,1039,1221,1324,0,4395,-3,49,0,903
2024-08-19 17:59:22,753,7062,1372,1111,1317,293,5401,498,48,0,1661
2024-08-19 08:16:34,595,6090,1247,1166,1341,28,4720,295,46,0,1370
2024-08-18 22:47:52,842,6036,1427,1188,1341,246,5085,-2,41,0,950
2024-08-18 11:59:42,766,4700,729,1103,1338,135,5110,997,40,0,-410
2024-08-18 02:29:23,850,5057,1004,1198,1343,232,4664,-3,39,0,392
2024-08-17 15:38:24,777,5725,783,954,1338,702,5594,1000,38,0,130
2024-08-17 06:08:43,856,5089,1008,1165,1344,241,4660,-3,46,0,429
2024-08-16 20:23:38,949,7111,1741,1298,1323,778,6164,0,45,0,947
2024-08-16 10:38:21,897,5651,1051,1059,1235,306,5543,949,43,0,107
2024-08-16 01:08:32,930,5334,982,1211,1339,744,5245,-3,39,0,88
2024-08-15 15:26:23,905,5479,961,1082,1326,583,5921,1025,40,0,-442
2024-08-15 05:55:44,915,5061,933,1179,1330,386,4781,-3,39,0,280
2024-08-14 20:08:22,1149,7560,1730,1286,1323,1211,6799,15,52,0,761
2024-08-14 10:38:41,860,6055,1010,1182,1315,534,5950,1004,42,0,105
2024-08-14 01:08:30,997,5606,1012,1245,1328,430,5059,-2,44,0,547
2024-08-13 15:16:20,764,6274,994,1001,1305,234,5442,1097,44,0,831
2024-08-13 05:47:23,800,5240,992,1209,1333,482,4873,-3,53,0,366
2024-08-12 19:46:31,911,7385,1856,1280,1304,557,6011,43,55,0,1373
2024-08-12 10:17:31,690,5890,856,1105,1285,239,5189,958,54,0,701
2024-08-12 00:47:23,676,5130,1019,1249,1343,282,4616,-3,47,0,514
2024-08-11 13:55:40,676,4460,284,813,1348,96,4373,1107,45,0,87
2024-08-11 04:25:36,743,4683,904,1266,1331,837,5128,-3,48,0,-445
2024-08-10 17:59:25,768,5798,1136,787,1330,571,5164,516,53,0,633
2024-08-10 08:30:28,680,5191,971,810,1329,368,4578,363,53,0,613
2024-08-09 22:59:34,791,6151,1333,1279,1326,158,4943,-2,55,0,1208
2024-08-09 12:29:45,748,6390,1230,1175,1309,62,5332,753,53,0,1057
2024-08-09 02:59:23,720,5095,1069,1248,1330,85,4508,-2,56,0,586
2024-08-08 16:26:27,636,5962,1021,1169,1255,151,5230,935,54,0,732
2024-08-08 05:56:25,724,5077,1030,1224,1336,-1,4369,3,51,0,707
2024-08-07 18:56:36,820,6515,1586,1208,1322,34,5298,265,52,0,1217
2024-08-07 09:25:49,665,5827,1025,1225,1344,443,5448,692,51,0,379
2024-08-06 23:47:23,643,5513,926,1252,1327,631,4830,-2,51,0,683
2024-08-06 12:25:32,675,5748,801,1193,1308,249,5025,750,45,0,723
2024-08-06 02:55:27,695,5192,988,1261,1329,580,4904,-3,52,0,287
2024-08-05 16:17:48,653,6110,1100,1182,1291,46,4981,658,48,0,1128
2024-08-05 06:46:40,785,5278,1044,1268,1325,98,4597,24,51,0,680
2024-08-04 20:39:41,939,6000,1670,1008,1323,258,5265,0,47,0,734
2024-08-04 10:47:36,633,4691,951,686,1320,393,4782,748,47,0,-90
2024-08-04 01:17:20,726,5283,1006,1215,1324,739,5061,-3,52,0,222
2024-08-03 15:25:24,637,5639,968,817,1305,1243,5807,784,50,0,-167
2024-08-03 05:55:37,716,5311,1066,1172,1325,808,5137,-2,50,0,174
2024-08-02 20:26:18,1101,7431,1913,1363,1308,812,6590,6,55,0,840
2024-08-02 10:56:46,765,6157,893,1232,1310,-10,5206,965,50,0,951
2024-08-02 01:26:21,789,5589,988,1321,1324,946,5420,-3,52,0,169
2024-08-01 15:29:21,774,6193,975,1185,1308,270,5618,1056,47,0,574
2024-08-01 05:59:48,824,5436,1025,1290,1318,120,4640,6,54,0,796
2024-07-31 19:38:23,894,7112,1903,1290,1310,75,5619,88,53,0,1493
2024-07-31 10:09:50,761,5895,1116,1190,1178,93,5341,952,48,0,554
2024-07-31 00:25:32,757,5716,1304,1319,1317,505,5255,-2,53,0,460
2024-07-30 13:59:29,732,5780,666,902,1309,1199,6076,1214,51,0,-295
2024-07-30 04:30:23,775,5321,1119,1309,1317,1109,5671,-3,43,0,-350
2024-07-29 17:56:23,822,6724,1355,1225,1273,238,5513,543,55,0,1210
2024-07-29 07:46:40,813,6213,1246,1278,1309,1111,6008,190,57,0,205
2024-07-28 22:18:16,926,6555,1577,1354,1311,787,6006,-2,50,0,549
2024-07-28 11:16:36,764,4520,661,439,1304,12,4295,1062,51,0,224
2024-07-28 01:47:34,873,5218,1143,918,1309,16,4308,-3,49,0,909
2024-07-27 14:47:25,720,4960,689,1196,1268,212,5260,1122,51,0,-299
2024-07-27 05:17:46,868,5189,1269,1358,1301,907,5762,1,56,0,-572
2024-07-26 18:29:38,935,6718,1712,1260,1303,638,6241,331,59,0,476
2024-07-26 08:00:38,868,6184,1117,1294,1293,1262,6156,246,59,0,27
2024-07-25 16:38:25,974,6523,1255,1267,1161,164,5391,504,57,0,1132
2024-07-25 06:08:45,914,5824,1202,1170,796,353,4497,0,51,0,1327
2024-07-24 19:25:36,1075,7263,1748,1293,650,124,5042,102,45,0,2221
2024-07-24 09:38:44,1072,6929,1353,1256,654,21,5041,637,45,0,1887
2024-07-24 00:08:33,1057,6373,1479,1300,645,253,4794,-2,54,0,1578
2024-07-23 11:38:21,991,6594,1200,1209,637,406,5622,1117,58,0,972
2024-07-23 00:55:39,981,5923,981,1269,657,717,4659,-2,54,0,1264
2024-07-22 13:47:26,931,7100,1432,1209,650,265,5585,1042,52,0,1515
2024-07-22 04:17:40,893,5144,1183,1249,666,154,4194,-1,48,0,950
2024-07-21 17:39:44,995,5942,1281,1004,668,421,4876,459,45,0,1065
2024-07-21 08:08:26,921,5335,1377,1269,669,166,4616,163,46,0,719
2024-07-20 22:38:40,1285,6854,1899,1329,669,319,5551,-1,49,0,1302
2024-07-20 11:56:35,926,5989,956,1144,652,84,4842,1027,50,0,1147
2024-07-20 02:26:23,1138,5998,1226,1252,654,1155,5483,-3,53,0,514
2024-07-19 15:48:51,1163,7528,1327,1173,1313,853,6707,823,52,0,820
2024-07-19 06:08:40,1124,6115,1203,1294,1321,1436,6437,4,52,0,-321
2024-07-18 19:47:25,1283,8348,2149,1310,1291,305,6474,79,55,0,1873
2024-07-18 10:16:32,1171,7612,1415,1177,1279,212,6088,779,51,0,1524
2024-07-18 00:47:38,1067,6799,1406,1237,1313,451,5537,5,54,0,1262
2024-07-17 14:08:21,903,8089,1740,1157,1279,724,6899,1036,51,0,1190
2024-07-17 04:38:37,1091,6008,1235,1221,1322,752,5675,-1,53,0,332
2024-07-16 18:46:27,1177,8113,1807,1217,1308,337,6150,249,52,0,1963
2024-07-16 09:17:46,1098,7533,1628,1214,1261,252,6175,668,52,0,1358
2024-07-15 23:46:26,1118,7338,1927,1313,1322,47,5782,-1,54,0,1555
2024-07-15 14:17:25,1123,7460,1322,1132,1254,652,6721,1195,53,0,738
2024-07-15 04:47:21,976,5413,1267,1304,1338,181,5121,1,52,0,291
2024-07-14 14:55:19,930,5834,1131,850,1333,323,5730,1111,49,0,104
2024-07-14 05:20:22,1049,5422,1312,1211,1330,25,4985,2,52,0,437
2024-07-13 19:26:22,1056,7636,2034,1205,1332,253,6116,181,51,0,1519
2024-07-13 09:57:24,967,6083,1231,680,1334,337,5435,831,52,0,647
2024-07-13 00:09:18,991,6723,1605,1214,1327,179,5371,-1,54,0,1351
2024-07-12 12:16:47,919,7138,1393,1121,1329,255,6246,1172,53,0,891
2024-07-12 01:39:29,982,6260,1458,1257,1327,84,5162,-1,54,0,1097
2024-07-11 11:08:54,919,7090,1371,1126,1295,673,6433,991,54,0,657
2024-07-11 01:39:07,880,6082,1632,1210,1336,1105,6215,-1,52,0,-133
2024-07-10 16:08:29,899,7327,1947,1099,1294,457,6683,930,53,0,643
2024-07-10 06:38:19,954,6089,1491,1179,1330,1169,6229,53,50,0,-140
2024-07-09 21:08:57,941,7948,2282,1242,1326,581,6426,0,52,0,1521
2024-07-09 11:38:37,774,6561,1218,933,1296,1037,6474,1180,48,0,87
2024-07-08 15:16:41,880,6704,1374,1114,1266,254,6002,1063,48,0,702
2024-07-08 04:38:51,945,5092,1184,1253,1319,54,4800,-2,45,0,292
2024-07-07 19:08:29,868,6227,1418,845,1311,334,5078,258,42,0,1149
2024-07-07 09:38:19,728,4699,1058,613,1326,108,4682,804,42,0,16
2024-07-06 23:59:41,873,5850,1801,822,1321,258,5119,-2,42,0,731
2024-07-06 14:29:49,732,5059,1099,625,1322,155,5172,1189,47,0,-113
2024-07-06 04:55:43,830,5317,1583,816,1329,549,5154,-2,47,0,163
2024-07-05 19:10:02,872,6950,2017,1202,1317,381,6044,200,53,0,906
2024-07-05 09:38:43,744,6130,1190,1170,1238,799,5929,731,54,0,200
2024-07-05 00:09:03,840,5922,1760,1276,1315,548,5791,-1,51,0,130
2024-07-04 14:38:38,760,6111,1517,1156,1277,111,5627,751,52,0,483
2024-07-04 05:08:24,890,5437,1394,1226,1324,157,5042,-2,50,0,395
2024-07-03 19:38:31,784,7158,2052,1196,1311,199,5701,88,51,0,1456
2024-07-03 09:59:36,922,6857,1693,1175,1327,68,5552,316,48,0,1304
2024-07-03 00:29:36,895,5965,1437,1226,1317,544,5463,-2,45,0,501
2024-07-02 13:30:36,928,7217,1610,1168,1319,1165,6851,617,38,0,366
2024-07-02 03:59:44,944,5562,1128,1243,1322,1033,5699,-2,29,0,-137
2024-07-01 18:29:29,945,7718,1887,1156,1307,1048,6748,366,36,0,970
2024-07-01 09:01:15,941,6763,1873,831,1339,92,5690,577,35,0,1072
2024-06-30 23:29:16,927,6102,2597,1239,1331,638,6762,-2,30,0,-660
2024-06-30 13:59:23,757,4990,1132,912,1283,313,5504,1074,32,0,-514
2024-06-30 04:29:06,934,5020,1644,1249,1009,398,5263,-2,31,0,-243
2024-06-29 16:08:36,772,5740,1666,743,724,407,5202,861,30,0,538
2024-06-29 06:38:16,909,5227,1589,811,677,546,4610,44,32,0,617
2024-06-28 21:08:06,1157,7543,2908,1277,674,298,6350,2,34,0,1193
2024-06-28 11:38:35,958,6289,1637,1129,665,43,5611,1144,34,0,678
2024-06-28 01:55:28,1143,5790,2152,1284,673,24,5308,-2,35,0,482
2024-06-27 16:25:08,1123,6866,1695,1167,653,633,6058,747,39,0,808
2024-06-27 06:17:26,1122,5801,1793,1227,676,96,4980,29,37,0,821
2024-06-26 20:38:15,1295,7486,2545,1275,676,686,6523,9,37,0,964
2024-06-26 10:25:06,1129,6659,1982,1193,632,103,5885,809,37,0,774
2024-06-26 00:55:18,1128,5853,2187,1233,676,340,5602,-2,38,0,251
2024-06-25 15:25:06,1182,6781,1977,1082,640,277,6003,809,36,0,778
2024-06-25 05:56:36,971,5239,1735,1107,680,894,5427,4,36,0,-188
2024-06-24 20:25:17,814,6560,2499,1112,684,332,5513,35,35,0,1047
2024-06-24 10:55:05,760,5067,1417,596,688,380,4806,928,37,0,261
2024-06-24 01:25:05,815,5106,1821,743,686,100,4194,-2,30,0,913
2024-06-23 15:46:25,755,4858,1437,580,689,407,4729,832,30,0,128
2024-06-23 06:08:13,787,4746,1628,757,686,126,4024,8,32,0,722
2024-06-22 20:38:05,822,6965,2676,1100,687,609,5949,23,32,0,1016
2024-06-22 11:09:31,661,5459,1537,777,689,92,4793,1003,35,0,666
2024-06-22 01:38:12,829,5818,1939,1128,686,257,4870,-1,32,0,948
2024-06-21 16:08:05,965,6588,1713,1001,671,178,5481,916,37,0,1107
2024-06-21 06:38:31,863,5841,1641,1077,683,834,5174,45,31,0,667
2024-06-20 21:08:11,1004,7672,2678,1133,676,1612,7138,0,33,0,534
2024-06-20 11:29:22,906,6613,1780,989,670,280,5672,1015,30,0,940
2024-06-20 01:59:39,935,5594,1834,1084,683,874,5441,-2,33,0,153
2024-06-19 16:30:22,841,6579,1863,970,685,342,5619,886,31,0,961
2024-06-19 06:00:22,769,5478,1780,1079,685,72,4427,10,32,0,1051
2024-06-18 20:29:39,906,7562,2863,1138,669,149,5783,24,34,0,1779
2024-06-18 10:55:23,859,6084,1688,1027,663,81,5304,951,35,0,780
2024-06-18 01:25:22,892,5616,2085,1132,675,166,4982,-2,33,0,634
2024-06-17 15:55:42,914,6217,1737,1002,655,157,5451,948,39,0,766
2024-06-17 06:25:22,853,5309,1899,1106,689,140,4742,23,33,0,567
2024-06-16 20:38:22,898,5980,2751,852,689,20,5265,18,36,0,715
2024-06-16 10:59:22,713,4063,1419,221,690,128,4049,837,37,0,14
2024-06-16 01:25:51,938,5020,2017,312,684,610,4599,-2,36,0,421
2024-06-15 15:55:31,732,4871,1418,215,687,1217,5180,874,37,0,-309
2024-06-15 06:27:22,736,4832,1457,261,687,2183,5386,23,39,0,-555
2024-06-14 20:55:50,675,6670,2215,1188,687,1718,6551,14,55,0,119
2024-06-14 11:16:39,745,6102,1780,1109,681,221,5127,535,56,0,975
2024-06-14 01:30:35,746,5411,1463,1159,686,1043,5156,-1,59,0,255
2024-06-13 15:59:22,860,6254,1697,1099,685,623,5842,823,55,0,411
2024-06-13 06:30:22,905,5687,1787,1136,684,232,4825,28,53,0,861
2024-06-12 21:00:34,961,7391,2531,1199,668,248,5664,1,57,0,1726
2024-06-12 11:29:22,741,6134,1575,1073,652,375,5484,1019,48,0,650
2024-06-12 02:00:22,872,5554,1644,1134,683,661,5046,-2,53,0,508
2024-06-11 16:29:34,981,6864,2016,1048,658,580,5984,647,53,0,880
2024-06-11 07:00:22,954,6108,1973,1146,685,826,5727,86,54,0,381
2024-06-10 21:29:22,961,7508,2210,1188,670,1965,7049,-1,54,0,459
2024-06-10 09:29:22,934,6594,1956,807,679,427,5426,562,56,0,1168
2024-06-09 19:29:22,955,5843,2148,1082,685,1015,6062,126,47,0,-219
2024-06-09 09:59:22,759,4760,1115,557,688,40,3818,610,49,0,943
2024-06-09 00:29:39,936,5438,1998,745,684,187,4596,-2,48,0,841
2024-06-08 14:59:22,746,5435,1734,613,683,227,4839,787,48,0,596
2024-06-08 05:30:22,922,5056,1639,1142,679,98,4530,-2,50,0,526
2024-06-07 19:59:38,1027,7064,2508,1012,677,605,5942,62,51,0,1123
2024-06-07 08:38:22,1001,6331,1930,759,684,-4,4948,524,54,0,1383
2024-06-06 23:08:50,1099,6447,2502,1183,671,83,5593,-2,54,0,855
2024-06-06 13:38:30,965,5887,1686,875,670,77,5345,1022,50,0,542
2024-06-06 04:09:22,955,5154,1637,1147,687,521,5000,-1,53,0,153
2024-06-05 18:38:49,1062,6561,2553,1129,686,108,5902,312,53,0,659
2024-06-05 09:08:29,902,6127,2104,753,686,360,5458,601,51,0,669
2024-06-04 23:37:22,935,5962,2583,1189,679,143,5579,-2,50,0,383
2024-06-04 14:08:48,948,6012,1985,999,677,347,5838,833,48,0,174
2024-06-04 04:39:27,912,5167,1872,1138,680,480,5122,-2,42,0,45
2024-06-03 19:08:22,955,6765,2442,1047,677,998,6233,75,39,0,532
2024-06-03 08:16:11,924,6156,2144,762,693,23,4839,251,42,0,1317
2024-06-02 22:47:04,754,5579,2055,737,689,1059,5330,-2,37,0,249
2024-06-02 13:16:30,735,4095,1114,635,693,731,4784,830,46,0,-689
2024-06-02 03:46:10,837,4574,1603,754,692,406,4341,-2,51,0,233
2024-06-01 18:16:03,882,5449,1846,687,691,487,5047,406,47,0,402
2024-06-01 08:30:03,929,5023,1882,758,694,122,4809,378,46,0,214
2024-05-31 22:56:29,964,6156,2140,762,694,1147,5757,-2,52,0,399
2024-05-31 13:16:19,848,5428,1580,699,682,251,5093,986,48,0,334
2024-05-31 03:38:07,989,5029,1488,756,692,513,4485,-2,49,0,544
2024-05-30 18:08:02,816,5929,2151,738,682,326,5178,407,56,0,751
2024-05-30 05:59:08,1021,5279,1756,740,684,23,4278,4,50,0,1001
2024-05-29 20:30:02,875,6700,2741,745,683,152,5247,9,42,0,1453
2024-05-29 10:55:31,943,6171,1695,477,667,133,4601,633,45,0,1570
2024-05-29 01:17:19,990,5305,1875,361,684,104,4058,-2,47,0,1247
2024-05-28 15:38:08,782,5717,1345,307,687,260,4186,751,53,0,1530
2024-05-28 05:59:02,988,5244,1551,359,685,303,3937,1,51,0,1307
2024-05-27 20:30:02,1019,6687,2184,374,686,415,4735,6,52,0,1952
2024-05-27 10:59:16,980,5847,1481,249,683,1352,5595,796,55,0,252
2024-05-27 01:26:02,986,4685,1457,277,685,407,3862,-2,52,0,822
2024-05-26 15:56:02,628,4004,1067,215,687,600,4259,1011,52,0,-255
2024-05-26 06:25:19,690,4440,1505,273,686,730,3958,23,51,0,482
2024-05-25 20:54:02,717,6194,2292,298,685,710,4754,0,53,0,1439
2024-05-25 11:26:02,631,4837,1503,237,689,1658,5755,985,52,0,-918
2024-05-25 01:54:19,937,5194,1696,244,684,962,4576,-1,54,0,618
2024-05-24 16:20:03,854,5671,1561,290,684,1928,6219,846,55,0,-548
2024-05-24 06:38:02,884,5561,1598,240,683,1330,4830,41,55,0,731
2024-05-23 21:09:02,1059,6960,2266,313,682,177,4553,-2,54,0,2407
2024-05-23 11:38:14,923,6293,1722,267,680,178,4380,555,55,0,1914
2024-05-23 01:59:03,967,5185,1719,257,684,55,3729,-2,50,0,1456
2024-05-22 16:25:02,859,5689,1166,614,649,434,4482,710,50,0,1207
2024-05-22 06:29:02,978,5551,1532,598,697,283,4153,21,46,0,1398
2024-05-21 21:00:31,993,6776,2208,661,690,566,5170,-1,52,0,1606
2024-05-21 11:29:12,880,5112,1150,621,659,641,5066,1058,57,0,47
2024-05-21 01:59:02,962,5181,1671,586,687,253,4211,-2,53,0,970
2024-05-20 16:30:30,777,5933,1722,658,662,722,5214,618,54,0,719
2024-05-20 06:59:11,618,5463,1524,660,691,545,4184,91,55,0,1279
2024-05-19 21:29:02,629,6093,2578,700,683,735,5377,-2,52,0,717
2024-05-19 11:59:30,663,4487,1749,247,690,355,4465,708,53,0,22
2024-05-19 02:29:10,685,4822,1581,288,1361,365,4330,-2,52,0,492
2024-05-18 16:59:02,638,5202,1452,244,1362,656,5081,682,47,0,121
2024-05-18 01:49:15,675,5281,1920,262,1356,570,4829,-2,48,0,452
2024-05-17 08:38:02,896,6656,2115,666,1365,430,5792,271,49,0,864
2024-05-16 16:29:09,748,5613,1700,645,1318,268,5545,816,49,0,68
2024-05-16 06:59:02,748,5768,1603,657,1363,356,4841,66,48,0,927
2024-05-15 21:29:28,930,7219,2657,713,1353,349,6047,-1,43,0,1172
2024-05-15 12:01:06,721,5472,1275,581,1318,248,5238,1051,44,0,234
2024-05-15 02:29:02,663,5337,1476,702,1366,622,4873,-2,47,0,463
2024-05-14 16:56:30,608,5710,1868,635,1303,628,5772,678,46,0,-62
2024-05-14 07:26:10,599,6080,1907,644,1367,777,5481,139,49,0,599
2024-05-13 21:55:02,638,6971,2824,675,1358,219,5760,-1,48,0,1211
2024-05-13 12:08:02,570,5402,1653,215,1322,724,5483,943,55,0,-81
2024-05-13 02:18:02,647,4695,1526,228,1360,232,4046,-2,55,0,649
2024-05-12 10:59:22,575,4553,1279,198,1357,294,4395,633,56,0,157
2024-05-12 01:25:06,682,4910,1573,256,1359,724,4651,-2,57,0,259
2024-05-11 15:46:02,614,5084,2027,211,1354,176,5243,807,54,0,-159
2024-05-11 06:09:02,673,4913,2198,295,1359,321,4905,2,57,0,9
2024-05-10 20:38:22,641,6633,2562,514,1349,266,5385,0,53,0,1248
2024-05-10 10:25:45,414,5352,1228,229,1290,1024,5072,830,58,0,280
2024-05-10 00:55:25,539,5459,2427,295,1350,317,4977,-2,52,0,482
2024-05-09 08:30:17,659,6684,2358,291,1350,740,5545,92,54,0,1138
2024-05-08 23:00:46,623,6017,2225,443,1342,323,5003,-2,48,0,1014
2024-05-08 13:29:27,655,6290,1928,458,1345,716,5672,512,53,0,617
2024-05-08 03:59:17,642,4970,1533,396,1328,801,4752,-2,49,0,217
2024-05-07 14:41:38,506,5211,1587,383,975,480,4770,795,42,0,441
2024-05-07 05:07:22,436,4183,1310,375,941,871,3970,-2,40,0,213
2024-05-06 19:29:17,495,4614,2379,391,667,1229,5294,91,41,0,-679
2024-05-06 09:59:17,415,3427,1178,370,668,555,3997,767,44,0,-570
2024-05-06 00:24:34,446,4261,1376,368,661,1534,4426,-2,45,0,-165
2024-05-05 14:55:17,427,2953,682,346,660,95,3190,937,38,0,-238
2024-05-05 05:08:17,503,4068,1463,426,662,107,3202,-2,44,0,866
2024-05-04 19:38:17,503,5484,2430,395,664,1522,5613,51,46,0,-129
2024-05-04 10:08:29,488,4764,2226,432,671,964,5460,631,44,0,-696
2024-05-04 00:38:16,511,4781,2586,443,668,134,4383,-2,44,0,398
2024-05-03 15:08:16,500,4749,1808,392,670,445,4292,433,44,0,457
2024-05-03 05:39:27,511,4540,1719,391,668,336,3670,-3,48,0,870
2024-05-02 19:56:20,531,5986,2842,395,660,147,4629,11,38,0,1357
2024-05-02 10:08:18,449,5125,1783,388,629,795,4619,527,48,0,507
2024-05-02 00:38:16,672,4969,2321,386,673,630,4726,-2,47,0,243
2024-05-01 14:59:46,410,4682,1306,357,672,845,4354,719,44,0,328
2024-05-01 05:29:26,553,4894,2100,414,675,1805,5591,-2,47,0,-697
2024-04-30 19:59:16,671,6396,2842,447,1339,1303,6678,23,53,0,-282
2024-04-30 10:29:45,641,6158,3068,425,1315,1768,7856,586,52,0,-1697
2024-04-30 01:00:24,632,5274,2114,444,1361,1348,5949,-2,52,0,-675
2024-04-29 15:29:16,598,5368,1508,393,1330,1804,6590,902,55,0,-1222
2024-04-29 05:59:44,621,4942,1861,384,1387,1462,5761,-2,48,0,-819
2024-04-28 20:29:24,642,5680,2390,394,1385,117,4980,-1,53,0,700
2024-04-28 10:59:16,466,3753,1063,348,1386,648,4932,972,48,0,-1179
2024-04-28 01:29:43,653,4953,1857,433,1383,141,4517,-2,52,0,436
2024-04-27 15:59:23,496,4895,1398,350,1372,80,4567,819,52,0,328
2024-04-27 06:30:16,648,5150,1786,451,1380,20,4340,4,52,0,810
2024-04-26 20:59:42,653,7319,2689,429,1361,49,5232,0,52,0,2087
2024-04-26 11:29:22,753,6015,2019,438,1358,468,6079,991,52,0,-64
2024-04-26 01:59:16,698,5523,1561,383,1371,1212,5277,-2,54,0,245
2024-04-25 16:29:41,691,6574,1936,397,1356,499,5265,332,54,0,1309
2024-04-25 07:00:20,732,6149,1951,392,1393,199,4735,13,55,0,1414
2024-04-24 21:29:15,763,7337,2429,455,1369,632,5704,-1,56,0,1633
2024-04-24 12:00:39,835,6439,1717,403,1357,623,5718,724,56,0,721
2024-04-24 02:29:20,744,5477,1694,454,1391,1785,6123,-1,56,0,-645
2024-04-23 16:59:15,796,6978,3090,456,1389,1045,6996,163,58,0,-18
2024-04-23 07:29:39,817,6803,2537,476,1391,296,5631,55,55,0,1172
2024-04-22 22:00:18,705,7156,2782,482,1358,60,5444,-1,58,0,1713
2024-04-22 12:30:15,676,6968,3293,459,1364,184,6452,419,56,0,516
2024-04-22 02:59:38,673,4754,2168,466,1379,789,5526,-1,53,0,-772
2024-04-21 17:29:18,743,4894,1255,383,1379,557,4794,417,60,0,100
2024-04-21 07:59:15,738,4790,1852,417,1376,877,5492,169,63,0,-702
2024-04-20 22:29:37,597,6255,2080,415,1383,2096,6631,-2,62,0,-376
2024-04-20 12:59:17,691,5040,1733,397,1386,1424,6623,943,49,0,-1583
2024-04-20 03:29:14,745,5201,2007,425,1376,197,4799,-2,51,0,402
2024-04-19 17:59:36,735,6115,2408,417,1359,149,5503,389,45,0,612
2024-04-19 08:29:16,807,6574,2258,475,1374,167,5478,362,53,0,1096
2024-04-18 22:59:14,619,6312,2294,429,1366,1059,5817,-2,52,0,494
2024-04-18 13:30:34,586,6463,1820,426,1357,1289,6130,602,52,0,333
2024-04-18 03:59:15,763,5186,2044,464,1376,491,5186,-2,50,0,0
2024-04-17 18:29:14,696,6730,2421,445,1370,1694,6742,60,55,0,-12
2024-04-17 08:59:34,802,6792,2960,474,1384,320,6216,222,54,0,576
2024-04-16 23:30:14,583,5953,2354,424,1389,1865,6637,-2,52,0,-684
2024-04-16 13:59:14,712,5806,1941,422,1361,1330,6699,879,53,0,-893
2024-04-16 04:30:32,718,5116,1569,416,1369,862,4984,0,51,0,132
2024-04-15 18:59:14,772,6507,3267,464,1360,1145,7225,163,53,0,-719
2024-04-15 09:29:14,664,6337,2393,425,1346,56,5552,611,56,0,786
2024-04-14 23:59:32,468,5122,1950,393,1380,1618,5856,-2,48,0,-734
2024-04-14 14:30:14,374,3943,728,324,1385,170,3987,955,51,0,-44
2024-04-14 04:59:14,436,4524,1312,370,1386,162,3712,-3,50,0,812
2024-04-13 19:30:30,581,5944,2192,366,1382,40,4644,35,48,0,1299
2024-04-13 09:59:14,477,5065,1829,381,1385,73,4895,703,48,0,170
2024-04-13 00:29:14,675,5429,2026,417,1392,627,5195,-2,59,0,234
2024-04-12 14:59:30,470,5273,1250,372,1318,987,5449,994,59,0,-176
2024-04-12 05:29:14,671,5463,1895,519,1392,1463,5998,-2,59,0,-534
2024-04-11 20:00:14,688,6769,2773,550,1367,556,6007,8,59,0,762
2024-04-11 09:31:28,503,6052,2130,466,1296,1251,6357,660,58,0,-305
2024-04-10 23:55:14,645,5568,2410,493,1386,56,5042,-2,55,0,526
2024-04-10 14:27:14,473,5222,1604,421,1372,318,5424,1173,62,0,-203
2024-04-10 04:47:41,569,5184,1804,477,1378,115,4401,-2,61,0,784
2024-04-09 19:16:22,473,6328,2490,462,1372,352,5263,53,61,0,1066
2024-04-09 09:38:14,504,6123,2161,484,1353,112,5367,688,66,0,757
2024-04-09 00:08:14,511,5510,2158,496,1363,245,4839,-2,61,0,670
2024-04-08 14:38:29,480,5114,1569,436,1293,15,4887,1028,66,0,226
2024-04-08 04:46:31,643,4740,1968,501,1386,95,4653,-2,62,0,87
2024-04-07 18:56:31,607,5225,1598,494,1387,104,4364,112,61,0,861
2024-04-07 09:08:29,514,4551,1321,449,1387,647,4801,420,64,0,-250
2024-04-06 21:58:14,569,6347,2419,500,1392,1166,6108,-1,63,0,239
2024-04-06 07:38:25,609,5418,2377,496,1381,18,4992,47,64,0,425
2024-04-05 12:59:23,517,5527,1793,480,1298,52,5173,975,58,0,353
2024-04-05 02:16:17,563,5249,1840,545,1374,324,4702,-2,58,0,546
2024-04-04 16:46:14,633,6015,2203,570,1307,151,5392,469,60,0,623
2024-04-04 06:38:14,618,5939,2368,570,1389,116,5123,-2,64,0,817
2024-04-03 21:08:12,629,7189,2714,579,1381,1017,6385,-1,66,0,804
2024-04-03 11:29:42,517,5444,1853,546,1347,497,5819,997,63,0,-375
2024-04-03 01:59:22,600,5152,2011,588,1397,628,5287,-1,63,0,-135
2024-04-02 16:29:12,491,5574,1270,538,1391,1775,6222,688,68,0,-648
2024-04-02 06:38:12,539,5592,1926,555,1394,657,5138,-1,67,0,453
2024-04-01 21:08:42,629,6929,2462,592,1368,949,6064,-1,64,0,864
2024-04-01 11:38:22,519,5443,1688,530,1360,192,5204,851,64,0,239
2024-04-01 02:08:11,558,4624,1658,624,1393,794,5086,-2,61,0,-462
2024-03-31 10:08:30,459,4526,1153,982,1389,114,4740,579,65,0,-214
2024-03-30 23:38:57,507,5390,1903,1082,1393,1706,6655,0,64,0,-1265
2024-03-30 13:17:29,439,4682,1034,1007,1396,1527,6557,1088,66,0,-1875
2024-03-30 01:29:29,452,5301,1702,1160,1386,382,5145,-2,65,0,155
2024-03-29 13:26:44,539,5288,1276,1009,1369,1204,6590,1126,68,0,-1302
2024-03-29 03:55:28,631,5351,1513,1155,1386,1000,5748,-2,66,0,-397
2024-03-28 18:25:28,645,6888,2252,1452,1364,1666,7471,21,70,0,-583
2024-03-28 08:57:42,634,7273,2472,1366,1386,1694,7795,174,69,0,-522
2024-03-27 23:26:28,649,6156,2203,1655,1378,1988,7943,-2,69,0,-1786
2024-03-27 13:56:28,533,6132,1420,1251,1343,2316,7789,855,70,0,-1657
2024-03-27 04:26:42,627,5449,1697,1549,1388,1569,6894,-1,66,0,-1445
2024-03-26 18:56:28,658,7401,2425,1664,1386,249,6465,-1,68,0,936
2024-03-26 09:25:28,558,6534,2050,1302,1384,859,7083,860,70,0,-549
2024-03-25 23:56:41,615,6004,2113,1666,1370,2152,7982,-1,67,0,-1978
2024-03-25 14:25:28,515,6243,1224,1463,1332,2536,7958,820,68,0,-1715
2024-03-25 04:55:28,631,5107,1672,1655,1394,1393,6809,-2,66,0,-1703
2024-03-24 19:17:49,633,6578,2719,1232,1398,867,6914,-2,67,0,-336
2024-03-24 09:46:30,545,4974,862,1080,1398,632,5158,575,67,0,-185
2024-03-24 00:17:28,625,5365,1477,1174,1402,1884,6625,-2,67,0,-1261
2024-03-23 14:46:49,668,4938,1083,1037,1400,346,5474,871,65,0,-537
2024-03-23 05:16:29,758,5575,1733,1265,1384,164,5370,-1,67,0,205
2024-03-22 19:47:28,886,7704,3154,1675,1377,31,7185,-1,61,0,519
2024-03-22 10:17:47,798,6636,2099,1294,1329,344,6722,792,66,0,-86
2024-03-22 00:47:27,857,5925,1802,1697,1380,412,6206,-2,59,0,-281
2024-03-21 15:16:27,766,6321,1806,1390,1334,798,7032,868,69,0,-710
2024-03-21 05:46:47,878,5984,2176,1653,1400,466,6637,-1,65,0,-654
2024-03-20 20:17:27,861,7822,2870,1686,1384,578,7446,-1,67,0,377
2024-03-20 10:47:27,649,6498,1327,1593,1394,1364,7301,902,66,0,-803
2024-03-20 01:16:46,727,5756,1999,1618,1397,767,6571,-1,64,0,-815
2024-03-19 15:46:27,858,6958,2361,1677,1383,281,7007,381,66,0,-49
2024-03-19 06:17:27,816,6307,1961,1578,1394,613,6425,-1,66,0,-119
2024-03-18 19:29:27,776,7835,2722,1686,1368,194,6815,-1,67,0,1020
2024-03-18 09:59:43,672,7061,2245,1649,1313,355,6855,556,66,0,205
2024-03-18 00:29:27,738,5258,1703,1213,1398,877,5996,-1,68,0,-738
2024-03-17 14:59:27,671,4851,1899,1164,1397,534,6357,635,58,0,-1506
2024-03-17 05:29:42,735,5273,1781,1219,1394,121,5311,2,58,0,-38
2024-03-16 19:59:27,847,7215,2723,1671,1394,63,6757,-1,59,0,458
2024-03-16 10:29:28,656,5873,1991,1569,1395,41,6473,764,58,0,-600
2024-03-16 00:59:41,720,5825,1849,1695,1384,81,5785,-1,58,0,40
2024-03-15 15:29:27,782,6915,2411,1629,1360,362,6897,294,59,0,18
2024-03-15 05:59:27,797,6128,2115,1678,1400,367,6415,-1,58,0,-287
2024-03-14 20:29:40,952,7740,2698,1711,1369,590,7378,-1,59,0,363
2024-03-14 10:59:27,777,7437,2133,1603,1348,805,7062,339,57,0,375
2024-03-14 01:29:27,793,5849,1623,1615,1386,864,6336,-1,58,0,-488
2024-03-13 15:59:39,811,7366,2118,1694,1345,356,6510,129,56,0,856
2024-03-13 06:29:27,771,6358,1572,1640,1389,93,5512,-1,48,0,846
2024-03-12 21:00:27,814,7449,2570,1719,1385,676,7212,-1,49,0,237
2024-03-12 11:29:38,809,7660,2238,1580,1382,2427,8686,200,50,0,-1025
2024-03-12 01:59:27,810,5637,1191,1587,1371,2346,7351,-1,47,0,-1714
2024-03-11 16:29:57,877,7292,2071,1323,1322,2641,8377,102,41,0,-1084
2024-03-11 06:59:37,758,6422,1931,1288,1394,1411,6819,8,29,0,-396
2024-03-10 21:29:27,723,6412,1980,1258,1400,1758,7146,-1,29,0,-734
2024-03-10 12:00:55,662,4790,1357,1217,1403,578,5987,741,29,0,-1197
2024-03-10 02:30:35,753,5198,1380,1239,1399,388,5186,-2,29,0,12
2024-03-09 16:59:27,695,6112,1767,1253,1401,75,5496,269,36,0,616
2024-03-09 07:29:55,749,6024,1839,1266,1399,123,5460,49,37,0,564
2024-03-08 21:59:35,736,7148,2553,1697,1380,42,6444,-1,38,0,704
2024-03-08 12:30:27,745,7222,2183,1694,1358,392,6841,426,37,0,380
2024-03-08 02:59:54,748,5693,1498,1653,1400,598,5935,0,38,0,-242
2024-03-07 17:29:34,761,7457,2397,1725,1335,374,6684,27,58,0,774
2024-03-07 07:59:27,683,7451,2379,1686,1380,786,7048,74,61,0,403
2024-03-06 22:29:53,757,6768,2361,1683,1374,116,6347,-1,57,0,421
2024-03-06 13:00:32,738,7005,1910,1651,1374,227,6315,361,54,0,690
2024-03-06 02:29:27,758,5595,1556,1628,1381,322,5697,-1,53,0,-102
2024-03-05 16:59:53,653,6826,2350,1638,1369,610,6880,204,57,0,-53
2024-03-05 07:29:33,675,7023,2158,1660,1384,1077,7026,16,56,0,-3
2024-03-04 22:00:27,711,6942,2415,1721,1366,991,7249,-1,46,0,-308
2024-03-04 12:30:51,537,5881,1804,1583,1313,276,6555,986,55,0,-674
2024-03-04 02:59:32,601,5035,1540,1644,1383,171,5390,-2,53,0,-355
2024-03-03 16:38:27,553,5419,1578,1190,1384,47,5023,212,53,0,396
2024-03-03 07:08:43,643,5238,1958,1190,1382,74,5300,1,53,0,-62
2024-03-02 21:37:27,557,6657,2006,1206,1379,811,6012,-1,54,0,645
2024-03-02 12:08:27,561,6060,1747,1190,1324,557,5895,461,52,0,165
2024-03-02 02:38:42,565,5441,1212,1197,1384,1476,5889,-2,56,0,-448
2024-03-01 17:08:27,563,6997,1821,1634,1361,1741,7219,40,60,0,-221
2024-03-01 07:38:27,643,6957,2113,1645,1385,1210,7058,4,59,0,-101
2024-02-29 22:08:42,905,6886,2520,1687,1380,965,7510,-1,54,0,-624
2024-02-29 12:38:27,902,7213,2726,1701,1383,343,7389,278,56,0,-176
2024-02-29 03:08:27,887,5354,1599,1670,1398,404,6011,-2,55,0,-657
2024-02-28 17:29:50,748,6855,2184,1661,1398,391,6508,71,55,0,347
2024-02-28 07:59:30,888,7084,2386,1671,1394,171,6673,104,59,0,411
2024-02-27 22:29:27,741,6482,2406,1596,1387,545,6731,-1,57,0,-250
2024-02-27 12:59:49,755,5930,1966,1282,1315,87,6419,954,54,0,-489
2024-02-27 03:29:29,885,5462,1484,1673,1392,187,5678,-1,56,0,-216
2024-02-26 18:00:27,879,7125,2347,1651,1344,1505,7782,2,54,0,-657
2024-02-26 08:29:48,759,7180,2403,1659,1397,1235,7616,105,57,0,-436
2024-02-25 22:59:28,719,5610,1869,1659,1398,1759,7455,-1,53,0,-1845
2024-02-25 13:29:27,880,5295,1757,1636,1404,561,6672,380,53,0,-1377
2024-02-25 03:59:47,880,4920,1471,1653,1390,650,6098,-1,54,0,-1178
2024-02-24 18:29:27,838,6935,2351,1645,1393,944,7223,0,53,0,-288
2024-02-24 08:59:27,878,6172,2318,1685,1391,435,7052,291,53,0,-880
2024-02-23 23:30:45,884,6063,2216,1675,1392,928,7145,-1,52,0,-1082
2024-02-23 14:00:27,886,6566,2092,1658,1396,412,7166,666,57,0,-600
2024-02-23 04:29:27,792,5531,1483,1609,1385,1527,6850,-1,56,0,-1319
2024-02-22 18:59:45,872,7815,2513,1725,1358,1403,7927,-1,55,0,-111
2024-02-22 09:29:27,768,7370,2178,1720,1353,125,6684,484,55,0,686
2024-02-21 23:59:27,849,6097,2195,1718,1382,156,6353,-1,55,0,-256
2024-02-21 14:29:44,775,6866,2216,1678,1370,43,6545,407,55,0,320
2024-02-21 04:59:27,852,5724,1608,1695,1375,240,5826,-2,57,0,-102
2024-02-20 19:29:27,751,7984,2782,1731,1366,734,7423,-1,58,0,561
2024-02-20 09:59:43,731,7516,2508,1683,1332,250,6977,413,59,0,540
2024-02-20 00:29:27,877,5895,1960,1641,1358,278,6165,-2,53,0,-270
2024-02-19 14:59:27,864,6925,2098,1534,1303,16,6391,522,55,0,534
2024-02-19 05:29:41,740,5540,1751,1517,1377,561,6001,-2,56,0,-461
2024-02-18 20:00:27,841,6781,2625,1552,1396,950,7408,-1,57,0,-627
2024-02-18 10:29:27,853,5699,2423,1452,1401,151,6640,309,50,0,-940
2024-02-17 14:30:27,856,5990,2396,1499,1398,12,6674,457,55,0,-684
2024-02-17 04:59:27,736,5384,2146,1496,1396,209,6036,-2,55,0,-652
2024-02-16 19:29:40,748,7702,2901,1523,1385,719,7334,-1,59,0,368
2024-02-16 09:59:27,757,7246,2211,1503,1350,1058,7469,531,59,0,-223
2024-02-16 00:29:27,765,5961,2145,1525,1379,1746,7613,-1,55,0,-1652
2024-02-15 14:59:39,818,6478,2357,1455,1355,1621,8354,693,55,0,-1876
2024-02-15 05:29:27,833,5946,2227,1445,1389,2557,8509,-1,59,0,-2563
2024-02-14 19:59:27,734,7766,2720,1509,1370,2563,8954,-1,59,0,-1188
2024-02-14 10:29:38,790,7393,2239,1479,1250,1974,8119,328,59,0,-726
2024-02-14 00:59:27,838,5609,1758,1488,1384,1288,6811,-1,56,0,-1202
2024-02-13 09:07:27,743,7531,2276,1478,1368,308,6343,112,58,0,1188
2024-02-12 23:29:27,858,5972,2432,1474,1367,1031,7215,-1,55,0,-1243
2024-02-12 14:00:52,854,7263,2287,1477,1359,2485,8746,226,56,0,-1483
2024-02-12 04:29:33,741,4908,1556,1482,1393,2160,7381,-2,50,0,-2473
2024-02-11 18:59:27,910,6532,2389,1483,1393,1827,8055,-1,54,0,-1523
2024-02-11 09:29:52,742,5460,2029,1472,1390,1628,7483,169,53,0,-2023
2024-02-10 23:59:32,739,5437,2068,1497,1393,1263,7012,-1,53,0,-1574
2024-02-10 14:29:27,731,5916,2076,1472,1389,663,6659,273,55,0,-743
2024-02-10 04:59:51,753,5324,1785,1503,1392,827,6312,-1,55,0,-988
2024-02-09 19:29:31,720,7603,2307,1502,1380,1891,7858,-1,58,0,-254
2024-02-09 09:59:27,848,7273,2156,1516,1336,1229,7501,358,56,0,-228
2024-02-09 00:29:50,815,5749,1638,1527,1386,1615,7036,-1,56,0,-1288
2024-02-08 14:59:30,701,6567,2088,1498,1280,1824,7908,457,60,0,-1341
2024-02-08 05:29:28,750,5729,2015,1513,1392,1252,6978,-1,57,0,-1250
2024-02-07 19:59:49,725,7739,2331,1520,1386,2570,8590,-1,59,0,-851
2024-02-07 10:29:29,746,7017,1877,1493,1344,1658,7805,633,55,0,-788
2024-02-07 00:59:27,905,5627,1549,1553,1396,1584,7044,-1,58,0,-1416
2024-02-06 15:30:47,782,6564,1712,1511,1385,1958,7951,546,57,0,-1387
2024-02-06 06:00:27,966,6056,1608,1522,1398,1800,7349,-1,56,0,-1293
2024-02-05 20:29:27,804,7657,2286,1624,1369,2132,8273,-1,59,0,-616
2024-02-05 11:00:46,904,7428,1972,1580,1355,2163,8561,529,58,0,-1133
2024-02-05 01:29:27,805,5314,1173,1583,1408,2135,7157,-1,54,0,-1843
2024-02-04 15:59:27,801,5721,1312,1025,1397,1563,6402,247,57,0,-681
2024-02-04 06:30:45,804,5512,1152,1206,1401,1492,6115,-1,57,0,-603
2024-02-03 21:00:27,933,7169,2334,1640,1395,1606,7973,-1,65,0,-804
2024-02-03 11:29:27,787,6925,1935,1556,1393,2017,8327,574,65,0,-1402
2024-02-03 01:59:45,801,5896,1485,1647,1394,414,5806,-1,65,0,90
2024-02-02 16:29:27,922,7453,2080,1801,1366,672,6973,64,67,0,480
2024-02-02 06:59:27,923,7048,1639,1805,1391,1331,7157,-1,69,0,-109
2024-02-01 21:29:44,939,7732,2283,1865,1360,1236,7749,-1,68,0,-17
2024-02-01 11:56:28,925,7322,1729,1835,1376,430,7057,694,68,0,265
2024-02-01 02:24:14,1006,6146,1508,1844,1398,104,5925,-1,67,0,221
2024-01-31 08:59:14,1064,8335,2422,1878,1398,152,7235,251,70,0,1100
2024-01-30 16:48:20,1100,7539,2298,1843,1387,54,6825,69,70,0,714
2024-01-30 07:08:14,1030,7532,2349,1873,1399,893,7612,-1,69,0,-80
2024-01-29 13:59:36,889,7378,1640,1797,1353,1473,7802,580,71,0,-424
2024-01-29 04:30:15,856,5497,1567,1767,1397,1671,7328,-1,70,0,-1830
2024-01-28 19:00:14,865,7099,2468,1830,1400,2194,8821,-1,64,0,-1722
2024-01-28 09:30:34,885,6238,2241,1413,1401,659,6856,196,62,0,-618
2024-01-27 23:59:15,959,5949,2173,1736,1401,844,7174,-1,64,0,-1226
2024-01-27 14:29:15,856,6854,1888,1776,1398,389,6665,298,61,0,189
2024-01-27 04:59:34,878,5880,1842,1766,1394,103,6041,-1,61,0,-161
2024-01-26 19:29:14,856,7948,2828,1841,1381,891,7858,-1,62,0,90
2024-01-26 09:59:14,840,7894,2475,1848,1315,844,7772,389,62,0,122
2024-01-26 00:29:33,882,6076,1677,1850,1384,1432,7283,0,59,0,-1207
2024-01-25 14:59:14,819,7382,2026,1824,1319,1366,7792,373,60,0,-410
2024-01-25 05:30:15,856,6044,1587,1750,1397,1300,6948,-1,59,0,-904
2024-01-24 19:59:32,931,7844,2646,1897,1400,1781,8715,-1,62,0,-871
2024-01-24 10:29:14,945,7889,2879,1923,1393,292,7754,259,61,0,135
2024-01-24 00:59:14,959,6354,1836,1904,1379,141,6279,-1,61,0,75
2024-01-23 15:29:31,978,7955,2529,1898,1360,493,7469,152,60,0,486
2024-01-23 06:00:14,894,6679,1941,1796,1396,786,6874,-1,63,0,-194
2024-01-22 20:29:14,970,8287,2780,1913,1364,381,7469,-1,62,0,818
2024-01-22 10:59:30,953,8296,3023,1891,1350,98,7642,273,56,0,654
2024-01-22 01:29:14,865,5881,1813,1800,1382,577,6497,-1,60,0,-616
2024-01-21 15:59:14,886,6395,2163,1827,1385,373,6838,152,52,0,-443
2024-01-21 06:26:32,884,5907,1783,1766,1380,334,6203,-1,58,0,-296
2024-01-20 20:16:14,943,7558,2740,1851,1381,588,7563,-1,61,0,-5
2024-01-20 10:46:32,897,7644,2759,1785,1381,1785,8777,111,60,0,-1133
2024-01-20 01:16:14,873,6018,1758,1721,1379,2071,7861,-1,58,0,-1843
2024-01-19 15:46:14,873,7705,2504,1781,1364,469,7087,45,52,0,618
2024-01-19 06:16:31,829,6386,1465,1629,1391,2000,7366,-1,48,0,-980
2024-01-18 20:47:14,903,7867,2365,1780,1360,1270,7735,0,57,0,132
2024-01-18 11:08:15,983,8171,2262,1809,1341,1063,7644,128,57,0,527
2024-01-18 01:39:37,877,5871,1274,1716,1392,1825,7142,-1,59,0,-1271
2024-01-17 16:08:18,893,7810,2351,1870,1398,934,7557,53,59,0,253
2024-01-17 06:38:14,880,6869,1576,1869,1400,169,5950,-1,58,0,919
2024-01-16 21:08:37,950,7923,2548,1859,1400,314,7131,-1,59,0,792
2024-01-16 11:37:18,743,7523,2124,1853,1400,546,7259,535,59,0,264
2024-01-16 02:08:14,848,5935,1317,1735,1388,1513,6865,-1,60,0,-930
2024-01-15 16:38:36,853,7950,1933,1859,1337,1503,7572,20,61,0,378
2024-01-15 07:08:16,876,7335,2034,1845,1397,708,6916,-1,59,0,418
2024-01-14 21:38:14,887,6810,2376,1855,1397,1130,7704,-1,61,0,-894
2024-01-14 12:08:35,830,6139,1653,1805,1396,1988,8369,629,63,0,-2230
2024-01-14 02:38:15,887,5744,1318,1846,1399,1066,6575,-1,60,0,-831
2024-01-13 17:08:14,954,7583,1842,1859,1400,1103,7223,3,62,0,361
2024-01-13 07:38:34,926,6718,1361,1872,1404,861,6485,-1,62,0,233
2024-01-12 18:07:19,976,8436,2195,1855,1386,853,7326,-1,61,0,1111
2024-01-12 06:08:30,920,6639,1361,1852,1396,1092,6676,-1,56,0,-38
2024-01-11 20:38:13,1026,8172,2196,1862,1388,1698,8228,0,59,0,-57
2024-01-11 11:08:13,929,7839,1684,1847,1375,732,7285,667,52,0,554
2024-01-11 01:39:28,945,6263,1339,1853,1390,1050,6632,-1,57,0,-369
2024-01-10 16:08:13,972,7748,1643,1847,1378,1176,7201,127,56,0,547
2024-01-10 06:38:48,874,7004,1396,1852,1388,1353,6919,0,56,0,85
2024-01-09 21:08:28,875,7881,2353,1903,1394,2202,8781,0,55,0,-899
2024-01-09 11:38:20,882,8251,2418,1894,1380,2218,9070,225,53,0,-819
2024-01-09 00:50:20,885,6155,1956,1849,1369,2142,8252,0,52,0,-2097
2024-01-08 14:47:20,878,8080,2279,1823,1345,2303,8748,65,56,0,-668
2024-01-08 04:38:39,837,5183,1470,1589,1394,2354,7699,-1,56,0,-2516
2024-01-07 19:08:20,853,6819,2793,1782,1387,571,7439,-1,54,0,-620
2024-01-07 09:40:20,864,5823,2612,1657,1370,1053,7662,53,53,0,-1839
2024-01-07 00:08:38,890,5387,1634,1664,1388,1128,6759,-1,55,0,-1372
2024-01-06 14:37:20,733,5824,2183,1607,1336,602,6654,141,52,0,-830
2024-01-06 05:08:20,878,5324,1644,1660,1399,1351,6985,-1,53,0,-1661
2024-01-05 19:39:36,882,7534,2648,1733,1389,700,7408,-1,55,0,132
2024-01-05 09:59:26,736,6773,2384,1632,1383,1543,8192,461,53,0,-1420
2024-01-05 00:29:22,902,5689,1732,1709,1396,1663,7454,-1,53,0,-1766
2024-01-04 14:48:15,899,6777,2372,1693,1367,713,7272,172,55,0,-495
2024-01-03 20:16:02,869,7146,2446,1481,1364,2386,8590,-1,42,0,-1444
2024-01-03 06:29:06,747,5365,1632,1420,1396,1028,6252,-2,31,0,-887
2024-01-02 20:59:28,865,6069,2546,1477,1392,363,6673,-1,31,0,-604
2024-01-02 11:29:08,840,5454,2423,1401,1388,131,6627,414,30,0,-1173
2024-01-01 23:59:05,714,4846,1535,1379,1395,2195,7248,-1,32,0,-2401
2024-01-01 14:30:28,728,4672,965,1406,1396,418,5187,243,32,0,-515
